"ID";"MS";"Mp";"VFN";"Mh";"Man";"MMS";"TAN";"T";"Va";"Ve";"Mk";"Cn";"Ct";"Cr";"M (kg)";"Mt";"Enedc (g/km)";"Ewltp (g/km)";"W (mm)";"At1 (mm)";"At2 (mm)";"Ft";"Fm";"Ec (cm3)";"Ep (KW)";"Z (Wh/km)";"IT";"Ernedc (g/km)";"Erwltp (g/km)";"De";"Vf";"R";"Year";"Status";"Version_file";"E (g/km)";"Er (g/km)";"Zr";"Dr";"Fc";"Ech";"RLFI"
"175383240";"DE";"HYUNDAI MOTOR EUROPE";"IP-050662-NLH";"HYUNDAI TURKIYE";"HYUNDAI MOTOR TURKIYE OTOMOTIV AS";;"E5*2007/46*0121*06";"BC3";"B5P51";"M62CZ1";"HYUNDAI";"I20";"M1";"M1";"1140";"1254";;"119";;;;"petrol";"M";"998";"74";;"";;;;;"1";"2025";"P";"v31";;;;"2025-07-28";"5,2";"EA";"RL-050009-NLH"
"175384358";"DE";"HYUNDAI MOTOR EUROPE";"IP-050662-NLH";"HYUNDAI TURKIYE";"HYUNDAI MOTOR TURKIYE OTOMOTIV AS";;"E5*2007/46*0121*06";"BC3";"B5P51";"M62CZ1";"HYUNDAI";"I20";"M1";"M1";"1140";"1254";;"119";;;;"petrol";"M";"998";"74";;"";;;;;"1";"2025";"P";"v31";;;;"2025-06-03";"5,2";"EA";"RL-050009-NLH"
"175384515";"DE";"HYUNDAI MOTOR EUROPE";"IP-050663-NLH";"HYUNDAI TURKIYE";"HYUNDAI MOTOR TURKIYE OTOMOTIV AS";;"E5*2007/46*0121*06";"BC3";"B5P51";"D71CW1";"HYUNDAI";"I20";"M1";"M1";"1165";"1298";;"126";;;;"petrol";"M";"998";"74";;"";;;;;"1";"2025";"P";"v31";;;;"2025-02-06";"5,5";"EA";"RL-050010-NLH"
"175386074";"DE";"HYUNDAI MOTOR EUROPE";"IP-050662-NLH";"HYUNDAI TURKIYE";"HYUNDAI MOTOR TURKIYE OTOMOTIV AS";;"E5*2007/46*0121*06";"BC3";"B5P51";"M62CZ1";"HYUNDAI";"I20";"M1";"M1";"1140";"1259";;"119";;;;"petrol";"M";"998";"74";;"";;;;;"1";"2025";"P";"v31";;;;"2025-10-06";"5,3";"EA";"RL-050009-NLH"
"175388830";"DE";"HYUNDAI MOTOR EUROPE";"IP-050662-NLH";"HYUNDAI TURKIYE";"HYUNDAI MOTOR TURKIYE OTOMOTIV AS";;"E5*2007/46*0121*06";"BC3";"B5P51";"M62CZ1";"HYUNDAI";"I20";"M1";"M1";"1140";"1237";;"119";;;;"petrol";"M";"998";"74";;"";;;;;"1";"2025";"P";"v31";;;;"2025-09-26";"5,2";"EA";"RL-050009-NLH"
"175388873";"DE";"HYUNDAI MOTOR EUROPE";"IP-050662-NLH";"HYUNDAI TURKIYE";"HYUNDAI MOTOR TURKIYE OTOMOTIV AS";;"E5*2007/46*0121*06";"BC3";"B5P51";"M62CZ1";"HYUNDAI";"I20";"M1";"M1";"1140";"1273";;"123";;;;"petrol";"M";"998";"74";;"";;;;;"1";"2025";"P";"v31";;;;"2025-09-25";"5,4";"EA";"RL-050009-NLH"
"175390326";"DE";"HYUNDAI MOTOR EUROPE";"IP-050662-NLH";"HYUNDAI TURKIYE";"HYUNDAI MOTOR TURKIYE OTOMOTIV AS";;"E5*2007/46*0121*06";"BC3";"B5P51";"M62CZ1";"HYUNDAI";"I20";"M1";"M1";"1140";"1255";;"119";;;;"petrol";"M";"998";"74";;"";;;;;"1";"2025";"P";"v31";;;;"2025-09-23";"5,2";"EA";"RL-050009-NLH"
"175391061";"DE";"HYUNDAI MOTOR EUROPE";"IP-050662-NLH";"HYUNDAI TURKIYE";"HYUNDAI MOTOR TURKIYE OTOMOTIV AS";;"E5*2007/46*0121*06";"BC3";"B5P51";"M62CZ1";"HYUNDAI";"I20";"M1";"M1";"1140";"1254";;"119";;;;"petrol";"M";"998";"74";;"";;;;;"1";"2025";"P";"v31";;;;"2025-07-14";"5,2";"EA";"RL-050009-NLH"
"175394602";"DE";"HYUNDAI MOTOR EUROPE";"IP-050662-NLH";"HYUNDAI TURKIYE";"HYUNDAI MOTOR TURKIYE OTOMOTIV AS";;"E5*2007/46*0121*06";"BC3";"B5P51";"M62CZ1";"HYUNDAI";"I20";"M1";"M1";"1140";"1254";;"119";;;;"petrol";"M";"998";"74";;"";;;;;"1";"2025";"P";"v31";;;;"2025-04-28";"5,2";"EA";"RL-050009-NLH"
"175397058";"DE";"HYUNDAI MOTOR EUROPE";"IP-050662-NLH";"HYUNDAI TURKIYE";"HYUNDAI MOTOR TURKIYE OTOMOTIV AS";;"E5*2007/46*0121*06";"BC3";"B5P51";"M62CZ1";"HYUNDAI";"I20";"M1";"M1";"1140";"1237";;"119";;;;"petrol";"M";"998";"74";;"";;;;;"1";"2025";"P";"v31";;;;"2025-07-31";"5,2";"EA";"RL-050009-NLH"
"175397193";"DE";"HYUNDAI MOTOR EUROPE";"IP-050662-NLH";"HYUNDAI TURKIYE";"HYUNDAI MOTOR TURKIYE OTOMOTIV AS";;"E5*2007/46*0121*06";"BC3";"B5P51";"M62CZ1";"HYUNDAI";"I20";"M1";"M1";"1140";"1254";;"119";;;;"petrol";"M";"998";"74";;"";;;;;"1";"2025";"P";"v31";;;;"2025-09-05";"5,2";"EA";"RL-050009-NLH"
"175400576";"DE";"HYUNDAI MOTOR EUROPE";"IP-050662-NLH";"HYUNDAI TURKIYE";"HYUNDAI MOTOR TURKIYE OTOMOTIV AS";;"E5*2007/46*0121*06";"BC3";"B5P51";"M62CZ1";"HYUNDAI";"I20";"M1";"M1";"1140";"1237";;"119";;;;"petrol";"M";"998";"74";;"";;;;;"1";"2025";"P";"v31";;;;"2025-09-05";"5,2";"EA";"RL-050009-NLH"
"175406441";"DE";"HYUNDAI MOTOR EUROPE";"IP-050662-NLH";"HYUNDAI TURKIYE";"HYUNDAI MOTOR TURKIYE OTOMOTIV AS";;"E5*2007/46*0121*06";"BC3";"B5P51";"M62CZ1";"HYUNDAI";"I20";"M1";"M1";"1140";"1258";;"119";;;;"petrol";"M";"998";"74";;"";;;;;"1";"2025";"P";"v31";;;;"2025-09-09";"5,2";"EA";"RL-050009-NLH"
"175412691";"DE";"HYUNDAI MOTOR EUROPE";"IP-050662-NLH";"HYUNDAI TURKIYE";"HYUNDAI MOTOR TURKIYE OTOMOTIV AS";;"E5*2007/46*0121*06";"BC3";"B5P51";"M62CZ1";"HYUNDAI";"I20";"M1";"M1";"1140";"1259";;"119";;;;"petrol";"M";"998";"74";;"";;;;;"1";"2025";"P";"v31";;;;"2025-04-17";"5,3";"EA";"RL-050009-NLH"
"175413500";"DE";"HYUNDAI MOTOR EUROPE";"IP-050662-NLH";"HYUNDAI TURKIYE";"HYUNDAI MOTOR TURKIYE OTOMOTIV AS";;"E5*2007/46*0121*06";"BC3";"B5P51";"M62CZ1";"HYUNDAI";"I20";"M1";"M1";"1140";"1259";;"119";;;;"petrol";"M";"998";"74";;"";;;;;"1";"2025";"P";"v31";;;;"2025-12-04";"5,3";"EA";"RL-050009-NLH"
"175414016";"DE";"HYUNDAI MOTOR EUROPE";"IP-050662-NLH";"HYUNDAI TURKIYE";"HYUNDAI MOTOR TURKIYE OTOMOTIV AS";;"E5*2007/46*0121*06";"BC3";"B5P51";"M62CZ1";"HYUNDAI";"I20";"M1";"M1";"1140";"1254";;"119";;;;"petrol";"M";"998";"74";;"";;;;;"1";"2025";"P";"v31";;;;"2025-05-02";"5,2";"EA";"RL-050009-NLH"
"175416945";"DE";"HYUNDAI MOTOR EUROPE";"IP-050662-NLH";"HYUNDAI TURKIYE";"HYUNDAI MOTOR TURKIYE OTOMOTIV AS";;"E5*2007/46*0121*06";"BC3";"B5P51";"M62CZ1";"HYUNDAI";"I20";"M1";"M1";"1140";"1254";;"119";;;;"petrol";"M";"998";"74";;"";;;;;"1";"2025";"P";"v31";;;;"2025-09-18";"5,2";"EA";"RL-050009-NLH"
"175423590";"DE";"HYUNDAI MOTOR EUROPE";"IP-050662-NLH";"HYUNDAI TURKIYE";"HYUNDAI MOTOR TURKIYE OTOMOTIV AS";;"E5*2007/46*0121*06";"BC3";"B5P51";"M62CZ1";"HYUNDAI";"I20";"M1";"M1";"1140";"1258";;"119";;;;"petrol";"M";"998";"74";;"";;;;;"1";"2025";"P";"v31";;;;"2025-06-05";"5,2";"EA";"RL-050009-NLH"
"175428152";"DE";"HYUNDAI MOTOR EUROPE";"IP-050662-NLH";"HYUNDAI TURKIYE";"HYUNDAI MOTOR TURKIYE OTOMOTIV AS";;"E5*2007/46*0121*06";"BC3";"B5P51";"M62CZ1";"HYUNDAI";"I20";"M1";"M1";"1140";"1254";;"119";;;;"petrol";"M";"998";"74";;"";;;;;"1";"2025";"P";"v31";;;;"2025-07-07";"5,2";"EA";"RL-050009-NLH"
"175428733";"DE";"HYUNDAI MOTOR EUROPE";"IP-050662-NLH";"HYUNDAI TURKIYE";"HYUNDAI MOTOR TURKIYE OTOMOTIV AS";;"E5*2007/46*0121*06";"BC3";"B5P51";"M62CZ1";"HYUNDAI";"I20";"M1";"M1";"1140";"1274";;"120";;;;"petrol";"M";"998";"74";;"";;;;;"1";"2025";"P";"v31";;;;"2025-11-24";"5,3";"EA";"RL-050009-NLH"
"175434162";"DE";"HYUNDAI MOTOR EUROPE";"IP-050662-NLH";"HYUNDAI TURKIYE";"HYUNDAI MOTOR TURKIYE OTOMOTIV AS";;"E5*2007/46*0121*06";"BC3";"B5P51";"M62CZ1";"HYUNDAI";"I20";"M1";"M1";"1140";"1237";;"119";;;;"petrol";"M";"998";"74";;"";;;;;"1";"2025";"P";"v31";;;;"2025-01-27";"5,2";"EA";"RL-050009-NLH"
"175437498";"DE";"HYUNDAI MOTOR EUROPE";"IP-050662-NLH";"HYUNDAI TURKIYE";"HYUNDAI MOTOR TURKIYE OTOMOTIV AS";;"E5*2007/46*0121*06";"BC3";"B5P51";"M62CZ1";"HYUNDAI";"I20";"M1";"M1";"1140";"1254";;"119";;;;"petrol";"M";"998";"74";;"";;;;;"1";"2025";"P";"v31";;;;"2025-07-29";"5,2";"EA";"RL-050009-NLH"
"175439611";"DE";"HYUNDAI MOTOR EUROPE";"IP-050662-NLH";"HYUNDAI TURKIYE";"HYUNDAI MOTOR TURKIYE OTOMOTIV AS";;"E5*2007/46*0121*06";"BC3";"B5P51";"M62CZ1";"HYUNDAI";"I20";"M1";"M1";"1140";"1273";;"123";;;;"petrol";"M";"998";"74";;"";;;;;"1";"2025";"P";"v31";;;;"2025-12-18";"5,4";"EA";"RL-050009-NLH"
"175440451";"DE";"HYUNDAI MOTOR EUROPE";"IP-050662-NLH";"HYUNDAI TURKIYE";"HYUNDAI MOTOR TURKIYE OTOMOTIV AS";;"E5*2007/46*0121*06";"BC3";"B5P51";"M62CW1";"HYUNDAI";"I20";"M1";"M1";"1140";"1275";;"123";;;;"petrol";"M";"998";"74";;"";;;;;"1";"2025";"P";"v31";;;;"2025-12-10";"5,4";"EA";"RL-050009-NLH"
"175442536";"DE";"HYUNDAI MOTOR EUROPE";"IP-050662-NLH";"HYUNDAI TURKIYE";"HYUNDAI MOTOR TURKIYE OTOMOTIV AS";;"E5*2007/46*0121*06";"BC3";"B5P51";"M62CZ1";"HYUNDAI";"I20";"M1";"M1";"1140";"1254";;"119";;;;"petrol";"M";"998";"74";;"";;;;;"1";"2025";"P";"v31";;;;"2025-01-30";"5,2";"EA";"RL-050009-NLH"
"175443753";"DE";"HYUNDAI MOTOR EUROPE";"IP-050662-NLH";"HYUNDAI TURKIYE";"HYUNDAI MOTOR TURKIYE OTOMOTIV AS";;"E5*2007/46*0121*06";"BC3";"B5P51";"M62CZ1";"HYUNDAI";"I20";"M1";"M1";"1140";"1237";;"119";;;;"petrol";"M";"998";"74";;"";;;;;"1";"2025";"P";"v31";;;;"2025-05-28";"5,2";"EA";"RL-050009-NLH"
"175449484";"DE";"HYUNDAI MOTOR EUROPE";"IP-050662-NLH";"HYUNDAI TURKIYE";"HYUNDAI MOTOR TURKIYE OTOMOTIV AS";;"E5*2007/46*0121*06";"BC3";"B5P51";"M62CZ1";"HYUNDAI";"I20";"M1";"M1";"1140";"1259";;"119";;;;"petrol";"M";"998";"74";;"";;;;;"1";"2025";"P";"v31";;;;"2025-04-14";"5,3";"EA";"RL-050009-NLH"
"175450083";"DE";"HYUNDAI MOTOR EUROPE";"IP-050662-NLH";"HYUNDAI TURKIYE";"HYUNDAI MOTOR TURKIYE OTOMOTIV AS";;"E5*2007/46*0121*06";"BC3";"B5P51";"M62CZ1";"HYUNDAI";"I20";"M1";"M1";"1140";"1237";;"119";;;;"petrol";"M";"998";"74";;"";;;;;"1";"2025";"P";"v31";;;;"2025-07-02";"5,2";"EA";"RL-050009-NLH"
"175453286";"DE";"HYUNDAI MOTOR EUROPE";"IP-050662-NLH";"HYUNDAI TURKIYE";"HYUNDAI MOTOR TURKIYE OTOMOTIV AS";;"E5*2007/46*0121*06";"BC3";"B5P51";"M62CZ1";"HYUNDAI";"I20";"M1";"M1";"1140";"1237";;"119";;;;"petrol";"M";"998";"74";;"";;;;;"1";"2025";"P";"v31";;;;"2025-10-09";"5,2";"EA";"RL-050009-NLH"
"175453613";"DE";"HYUNDAI MOTOR EUROPE";"IP-050662-NLH";"HYUNDAI TURKIYE";"HYUNDAI MOTOR TURKIYE OTOMOTIV AS";;"E5*2007/46*0121*06";"BC3";"B5P51";"M62CZ1";"HYUNDAI";"I20";"M1";"M1";"1140";"1258";;"119";;;;"petrol";"M";"998";"74";;"";;;;;"1";"2025";"P";"v31";;;;"2025-03-21";"5,2";"EA";"RL-050009-NLH"
"175454790";"DE";"HYUNDAI MOTOR EUROPE";"IP-050662-NLH";"HYUNDAI TURKIYE";"HYUNDAI MOTOR TURKIYE OTOMOTIV AS";;"E5*2007/46*0121*06";"BC3";"B5P51";"M62CZ1";"HYUNDAI";"I20";"M1";"M1";"1140";"1273";;"123";;;;"petrol";"M";"998";"74";;"";;;;;"1";"2025";"P";"v31";;;;"2025-11-28";"5,4";"EA";"RL-050009-NLH"
"175460651";"DE";"HYUNDAI MOTOR EUROPE";"IP-050662-NLH";"HYUNDAI TURKIYE";"HYUNDAI MOTOR TURKIYE OTOMOTIV AS";;"E5*2007/46*0121*06";"BC3";"B5P51";"M62CZ1";"HYUNDAI";"I20";"M1";"M1";"1140";"1255";;"119";;;;"petrol";"M";"998";"74";;"";;;;;"1";"2025";"P";"v31";;;;"2025-01-06";"5,2";"EA";"RL-050009-NLH"
"175461161";"DE";"HYUNDAI MOTOR EUROPE";"IP-050662-NLH";"HYUNDAI TURKIYE";"HYUNDAI MOTOR TURKIYE OTOMOTIV AS";;"E5*2007/46*0121*06";"BC3";"B5P51";"M62CZ1";"HYUNDAI";"I20";"M1";"M1";"1140";"1259";;"119";;;;"petrol";"M";"998";"74";;"";;;;;"1";"2025";"P";"v31";;;;"2025-03-21";"5,3";"EA";"RL-050009-NLH"
"175462772";"DE";"HYUNDAI MOTOR EUROPE";"IP-050662-NLH";"HYUNDAI TURKIYE";"HYUNDAI MOTOR TURKIYE OTOMOTIV AS";;"E5*2007/46*0121*06";"BC3";"B5P51";"M62CZ1";"HYUNDAI";"I20";"M1";"M1";"1140";"1254";;"119";;;;"petrol";"M";"998";"74";;"";;;;;"1";"2025";"P";"v31";;;;"2025-01-06";"5,2";"EA";"RL-050009-NLH"
"175463637";"DE";"HYUNDAI MOTOR EUROPE";"IP-050662-NLH";"HYUNDAI TURKIYE";"HYUNDAI MOTOR TURKIYE OTOMOTIV AS";;"E5*2007/46*0121*06";"BC3";"B5P51";"M62CW1";"HYUNDAI";"I20";"M1";"M1";"1140";"1275";;"123";;;;"petrol";"M";"998";"74";;"";;;;;"1";"2025";"P";"v31";;;;"2025-07-03";"5,4";"EA";"RL-050009-NLH"
"175467866";"DE";"HYUNDAI MOTOR EUROPE";"IP-050662-NLH";"HYUNDAI TURKIYE";"HYUNDAI MOTOR TURKIYE OTOMOTIV AS";;"E5*2007/46*0121*06";"BC3";"B5P51";"M62CZ1";"HYUNDAI";"I20";"M1";"M1";"1140";"1295";;"124";;;;"petrol";"M";"998";"74";;"";;;;;"1";"2025";"P";"v31";;;;"2025-10-01";"5,4";"EA";"RL-050009-NLH"
"175468211";"DE";"HYUNDAI MOTOR EUROPE";"IP-050662-NLH";"HYUNDAI TURKIYE";"HYUNDAI MOTOR TURKIYE OTOMOTIV AS";;"E5*2007/46*0121*06";"BC3";"B5P51";"M62CZ1";"HYUNDAI";"I20";"M1";"M1";"1140";"1254";;"119";;;;"petrol";"M";"998";"74";;"";;;;;"1";"2025";"P";"v31";;;;"2025-04-09";"5,2";"EA";"RL-050009-NLH"
"175472702";"DE";"HYUNDAI MOTOR EUROPE";"IP-050662-NLH";"HYUNDAI TURKIYE";"HYUNDAI MOTOR TURKIYE OTOMOTIV AS";;"E5*2007/46*0121*06";"BC3";"B5P51";"M62CZ1";"HYUNDAI";"I20";"M1";"M1";"1140";"1260";;"119";;;;"petrol";"M";"998";"74";;"";;;;;"1";"2025";"P";"v31";;;;"2025-07-28";"5,3";"EA";"RL-050009-NLH"
"175474692";"DE";"HYUNDAI MOTOR EUROPE";"IP-050662-NLH";"HYUNDAI TURKIYE";"HYUNDAI MOTOR TURKIYE OTOMOTIV AS";;"E5*2007/46*0121*06";"BC3";"B5P51";"M62CZ1";"HYUNDAI";"I20";"M1";"M1";"1140";"1237";;"119";;;;"petrol";"M";"998";"74";;"";;;;;"1";"2025";"P";"v31";;;;"2025-08-04";"5,2";"EA";"RL-050009-NLH"
"175474771";"DE";"HYUNDAI MOTOR EUROPE";"IP-050662-NLH";"HYUNDAI TURKIYE";"HYUNDAI MOTOR TURKIYE OTOMOTIV AS";;"E5*2007/46*0121*06";"BC3";"B5P51";"M62CZ1";"HYUNDAI";"I20";"M1";"M1";"1140";"1259";;"119";;;;"petrol";"M";"998";"74";;"";;;;;"1";"2025";"P";"v31";;;;"2025-10-31";"5,3";"EA";"RL-050009-NLH"
"175476520";"DE";"HYUNDAI MOTOR EUROPE";"IP-050662-NLH";"HYUNDAI TURKIYE";"HYUNDAI MOTOR TURKIYE OTOMOTIV AS";;"E5*2007/46*0121*06";"BC3";"B5P51";"M62CZ1";"HYUNDAI";"I20";"M1";"M1";"1140";"1237";;"119";;;;"petrol";"M";"998";"74";;"";;;;;"1";"2025";"P";"v31";;;;"2025-05-06";"5,2";"EA";"RL-050009-NLH"
"175477780";"DE";"HYUNDAI MOTOR EUROPE";"IP-050662-NLH";"HYUNDAI TURKIYE";"HYUNDAI MOTOR TURKIYE OTOMOTIV AS";;"E5*2007/46*0121*06";"BC3";"B5P51";"M62CZ1";"HYUNDAI";"I20";"M1";"M1";"1140";"1237";;"119";;;;"petrol";"M";"998";"74";;"";;;;;"1";"2025";"P";"v31";;;;"2025-05-30";"5,2";"EA";"RL-050009-NLH"
"175481718";"DE";"HYUNDAI MOTOR EUROPE";"IP-050662-NLH";"HYUNDAI TURKIYE";"HYUNDAI MOTOR TURKIYE OTOMOTIV AS";;"E5*2007/46*0121*06";"BC3";"B5P51";"M62CZ1";"HYUNDAI";"I20";"M1";"M1";"1140";"1254";;"119";;;;"petrol";"M";"998";"74";;"";;;;;"1";"2025";"P";"v31";;;;"2025-10-28";"5,2";"EA";"RL-050009-NLH"
"175485995";"DE";"HYUNDAI MOTOR EUROPE";"IP-050662-NLH";"HYUNDAI TURKIYE";"HYUNDAI MOTOR TURKIYE OTOMOTIV AS";;"E5*2007/46*0121*06";"BC3";"B5P51";"M62CZ1";"HYUNDAI";"I20";"M1";"M1";"1140";"1237";;"119";;;;"petrol";"M";"998";"74";;"";;;;;"1";"2025";"P";"v31";;;;"2025-07-10";"5,2";"EA";"RL-050009-NLH"
"175491737";"DE";"HYUNDAI MOTOR EUROPE";"IP-050662-NLH";"HYUNDAI TURKIYE";"HYUNDAI MOTOR TURKIYE OTOMOTIV AS";;"E5*2007/46*0121*06";"BC3";"B5P51";"M62CZ1";"HYUNDAI";"I20";"M1";"M1";"1140";"1254";;"119";;;;"petrol";"M";"998";"74";;"";;;;;"1";"2025";"P";"v31";;;;"2025-09-30";"5,2";"EA";"RL-050009-NLH"
"175495386";"DE";"HYUNDAI MOTOR EUROPE";"IP-050662-NLH";"HYUNDAI TURKIYE";"HYUNDAI MOTOR TURKIYE OTOMOTIV AS";;"E5*2007/46*0121*06";"BC3";"B5P51";"M62CZ1";"HYUNDAI";"I20";"M1";"M1";"1140";"1237";;"119";;;;"petrol";"M";"998";"74";;"";;;;;"1";"2025";"P";"v31";;;;"2025-11-03";"5,2";"EA";"RL-050009-NLH"
"175495983";"DE";"HYUNDAI MOTOR EUROPE";"IP-050662-NLH";"HYUNDAI TURKIYE";"HYUNDAI MOTOR TURKIYE OTOMOTIV AS";;"E5*2007/46*0121*06";"BC3";"B5P51";"M62CW1";"HYUNDAI";"I20";"M1";"M1";"1140";"1272";;"123";;;;"petrol";"M";"998";"74";;"";;;;;"1";"2025";"P";"v31";;;;"2025-06-12";"5,4";"EA";"RL-050009-NLH"
"175497059";"DE";"HYUNDAI MOTOR EUROPE";"IP-050662-NLH";"HYUNDAI TURKIYE";"HYUNDAI MOTOR TURKIYE OTOMOTIV AS";;"E5*2007/46*0121*06";"BC3";"B5P51";"M62CZ1";"HYUNDAI";"I20";"M1";"M1";"1140";"1237";;"119";;;;"petrol";"M";"998";"74";;"";;;;;"1";"2025";"P";"v31";;;;"2025-09-09";"5,2";"EA";"RL-050009-NLH"
"175498205";"DE";"HYUNDAI MOTOR EUROPE";"IP-050662-NLH";"HYUNDAI TURKIYE";"HYUNDAI MOTOR TURKIYE OTOMOTIV AS";;"E5*2007/46*0121*06";"BC3";"B5P51";"M62CZ1";"HYUNDAI";"I20";"M1";"M1";"1140";"1256";;"119";;;;"petrol";"M";"998";"74";;"";;;;;"1";"2025";"P";"v31";;;;"2025-02-26";"5,2";"EA";"RL-050009-NLH"
"175498611";"DE";"HYUNDAI MOTOR EUROPE";"IP-050662-NLH";"HYUNDAI TURKIYE";"HYUNDAI MOTOR TURKIYE OTOMOTIV AS";;"E5*2007/46*0121*06";"BC3";"B5P51";"M62CZ1";"HYUNDAI";"I20";"M1";"M1";"1140";"1254";;"114";;;;"petrol";"M";"998";"74";;"";;;;;"1";"2025";"P";"v31";;;;"2025-03-05";"5,1";"EA";"RL-050009-NLH"
"175501380";"DE";"HYUNDAI MOTOR EUROPE";"IP-050662-NLH";"HYUNDAI TURKIYE";"HYUNDAI MOTOR TURKIYE OTOMOTIV AS";;"E5*2007/46*0121*06";"BC3";"B5P51";"M62CZ1";"HYUNDAI";"I20";"M1";"M1";"1140";"1273";;"123";;;;"petrol";"M";"998";"74";;"";;;;;"1";"2025";"P";"v31";;;;"2025-11-13";"5,4";"EA";"RL-050009-NLH"
"175502234";"DE";"HYUNDAI MOTOR EUROPE";"IP-050662-NLH";"HYUNDAI TURKIYE";"HYUNDAI MOTOR TURKIYE OTOMOTIV AS";;"E5*2007/46*0121*06";"BC3";"B5P51";"M62CZ1";"HYUNDAI";"I20";"M1";"M1";"1140";"1256";;"119";;;;"petrol";"M";"998";"74";;"";;;;;"1";"2025";"P";"v31";;;;"2025-01-28";"5,2";"EA";"RL-050009-NLH"
"175507148";"DE";"HYUNDAI MOTOR EUROPE";"IP-050662-NLH";"HYUNDAI TURKIYE";"HYUNDAI MOTOR TURKIYE OTOMOTIV AS";;"E5*2007/46*0121*06";"BC3";"B5P51";"M62CZ1";"HYUNDAI";"I20";"M1";"M1";"1140";"1237";;"119";;;;"petrol";"M";"998";"74";;"";;;;;"1";"2025";"P";"v31";;;;"2025-03-11";"5,2";"EA";"RL-050009-NLH"
"175507516";"DE";"HYUNDAI MOTOR EUROPE";"IP-050662-NLH";"HYUNDAI TURKIYE";"HYUNDAI MOTOR TURKIYE OTOMOTIV AS";;"E5*2007/46*0121*06";"BC3";"B5P51";"M62CZ1";"HYUNDAI";"I20";"M1";"M1";"1140";"1273";;"123";;;;"petrol";"M";"998";"74";;"";;;;;"1";"2025";"P";"v31";;;;"2025-12-29";"5,4";"EA";"RL-050009-NLH"
"175517385";"DE";"HYUNDAI MOTOR EUROPE";"IP-050662-NLH";"HYUNDAI TURKIYE";"HYUNDAI MOTOR TURKIYE OTOMOTIV AS";;"E5*2007/46*0121*06";"BC3";"B5P51";"M62CZ1";"HYUNDAI";"I20";"M1";"M1";"1140";"1254";;"119";;;;"petrol";"M";"998";"74";;"";;;;;"1";"2025";"P";"v31";;;;"2025-08-28";"5,2";"EA";"RL-050009-NLH"
"175526261";"DE";"HYUNDAI MOTOR EUROPE";"IP-050662-NLH";"HYUNDAI TURKIYE";"HYUNDAI MOTOR TURKIYE OTOMOTIV AS";;"E5*2007/46*0121*06";"BC3";"B5P51";"M62CW1";"HYUNDAI";"I20";"M1";"M1";"1140";"1275";;"123";;;;"petrol";"M";"998";"74";;"";;;;;"1";"2025";"P";"v31";;;;"2025-07-22";"5,4";"EA";"RL-050009-NLH"
"175527782";"DE";"HYUNDAI MOTOR EUROPE";"IP-050662-NLH";"HYUNDAI TURKIYE";"HYUNDAI MOTOR TURKIYE OTOMOTIV AS";;"E5*2007/46*0121*06";"BC3";"B5P51";"M62CZ1";"HYUNDAI";"I20";"M1";"M1";"1140";"1237";;"119";;;;"petrol";"M";"998";"74";;"";;;;;"1";"2025";"P";"v31";;;;"2025-02-10";"5,2";"EA";"RL-050009-NLH"
"175532350";"DE";"HYUNDAI MOTOR EUROPE";"IP-050662-NLH";"HYUNDAI TURKIYE";"HYUNDAI MOTOR TURKIYE OTOMOTIV AS";;"E5*2007/46*0121*06";"BC3";"B5P51";"M62CZ1";"HYUNDAI";"I20";"M1";"M1";"1140";"1258";;"119";;;;"petrol";"M";"998";"74";;"";;;;;"1";"2025";"P";"v31";;;;"2025-01-17";"5,2";"EA";"RL-050009-NLH"
"175532635";"DE";"HYUNDAI MOTOR EUROPE";"IP-050662-NLH";"HYUNDAI TURKIYE";"HYUNDAI MOTOR TURKIYE OTOMOTIV AS";;"E5*2007/46*0121*06";"BC3";"B5P51";"M62CW1";"HYUNDAI";"I20";"M1";"M1";"1140";"1272";;"123";;;;"petrol";"M";"998";"74";;"";;;;;"1";"2025";"P";"v31";;;;"2025-07-29";"5,4";"EA";"RL-050009-NLH"
"175543918";"DE";"HYUNDAI MOTOR EUROPE";"IP-050662-NLH";"HYUNDAI TURKIYE";"HYUNDAI MOTOR TURKIYE OTOMOTIV AS";;"E5*2007/46*0121*06";"BC3";"B5P51";"M62CZ1";"HYUNDAI";"I20";"M1";"M1";"1140";"1237";;"119";;;;"petrol";"M";"998";"74";;"";;;;;"1";"2025";"P";"v31";;;;"2025-06-03";"5,2";"EA";"RL-050009-NLH"
"175543939";"DE";"HYUNDAI MOTOR EUROPE";"IP-050662-NLH";"HYUNDAI TURKIYE";"HYUNDAI MOTOR TURKIYE OTOMOTIV AS";;"E5*2007/46*0121*06";"BC3";"B5P51";"M62CZ1";"HYUNDAI";"I20";"M1";"M1";"1140";"1259";;"119";;;;"petrol";"M";"998";"74";;"";;;;;"1";"2025";"P";"v31";;;;"2025-04-10";"5,3";"EA";"RL-050009-NLH"
"175547079";"DE";"HYUNDAI MOTOR EUROPE";"IP-050663-NLH";"HYUNDAI TURKIYE";"HYUNDAI MOTOR TURKIYE OTOMOTIV AS";;"E5*2007/46*0121*06";"BC3";"B5P51";"D71CW1";"HYUNDAI";"I20";"M1";"M1";"1165";"1301";;"126";;;;"petrol";"M";"998";"74";;"";;;;;"1";"2025";"P";"v31";;;;"2025-10-23";"5,5";"EA";"RL-050010-NLH"
"175548628";"DE";"HYUNDAI MOTOR EUROPE";"IP-050662-NLH";"HYUNDAI TURKIYE";"HYUNDAI MOTOR TURKIYE OTOMOTIV AS";;"E5*2007/46*0121*06";"BC3";"B5P51";"M62CZ1";"HYUNDAI";"I20";"M1";"M1";"1140";"1258";;"119";;;;"petrol";"M";"998";"74";;"";;;;;"1";"2025";"P";"v31";;;;"2025-01-29";"5,2";"EA";"RL-050009-NLH"
"175549300";"DE";"HYUNDAI MOTOR EUROPE";"IP-050662-NLH";"HYUNDAI TURKIYE";"HYUNDAI MOTOR TURKIYE OTOMOTIV AS";;"E5*2007/46*0121*06";"BC3";"B5P51";"M62CZ1";"HYUNDAI";"I20";"M1";"M1";"1140";"1254";;"119";;;;"petrol";"M";"998";"74";;"";;;;;"1";"2025";"P";"v31";;;;"2025-06-03";"5,2";"EA";"RL-050009-NLH"
"175549897";"DE";"HYUNDAI MOTOR EUROPE";"IP-050662-NLH";"HYUNDAI TURKIYE";"HYUNDAI MOTOR TURKIYE OTOMOTIV AS";;"E5*2007/46*0121*06";"BC3";"B5P51";"M62CZ1";"HYUNDAI";"I20";"M1";"M1";"1140";"1258";;"119";;;;"petrol";"M";"998";"74";;"";;;;;"1";"2025";"P";"v31";;;;"2025-04-11";"5,2";"EA";"RL-050009-NLH"
"175552002";"DE";"HYUNDAI MOTOR EUROPE";"IP-050663-NLH";"HYUNDAI TURKIYE";"HYUNDAI MOTOR TURKIYE OTOMOTIV AS";;"E5*2007/46*0121*06";"BC3";"B5P51";"D71CW1";"HYUNDAI";"I20";"M1";"M1";"1165";"1298";;"126";;;;"petrol";"M";"998";"74";;"";;;;;"1";"2025";"P";"v31";;;;"2025-03-27";"5,5";"EA";"RL-050010-NLH"
"175553890";"DE";"HYUNDAI MOTOR EUROPE";"IP-050662-NLH";"HYUNDAI TURKIYE";"HYUNDAI MOTOR TURKIYE OTOMOTIV AS";;"E5*2007/46*0121*06";"BC3";"B5P51";"M62CZ1";"HYUNDAI";"I20";"M1";"M1";"1140";"1259";;"119";;;;"petrol";"M";"998";"74";;"";;;;;"1";"2025";"P";"v31";;;;"2025-04-30";"5,3";"EA";"RL-050009-NLH"
"175555491";"DE";"HYUNDAI MOTOR EUROPE";"IP-050662-NLH";"HYUNDAI TURKIYE";"HYUNDAI MOTOR TURKIYE OTOMOTIV AS";;"E5*2007/46*0121*06";"BC3";"B5P51";"M62CZ1";"HYUNDAI";"I20";"M1";"M1";"1140";"1237";;"119";;;;"petrol";"M";"998";"74";;"";;;;;"1";"2025";"P";"v31";;;;"2025-06-13";"5,2";"EA";"RL-050009-NLH"
"175559073";"DE";"HYUNDAI MOTOR EUROPE";"IP-050662-NLH";"HYUNDAI TURKIYE";"HYUNDAI MOTOR TURKIYE OTOMOTIV AS";;"E5*2007/46*0121*06";"BC3";"B5P51";"M62CZ1";"HYUNDAI";"I20";"M1";"M1";"1140";"1258";;"119";;;;"petrol";"M";"998";"74";;"";;;;;"1";"2025";"P";"v31";;;;"2025-12-12";"5,2";"EA";"RL-050009-NLH"
"175563516";"DE";"HYUNDAI MOTOR EUROPE";"IP-050662-NLH";"HYUNDAI TURKIYE";"HYUNDAI MOTOR TURKIYE OTOMOTIV AS";;"E5*2007/46*0121*06";"BC3";"B5P51";"M62CW1";"HYUNDAI";"I20";"M1";"M1";"1140";"1275";;"123";;;;"petrol";"M";"998";"74";;"";;;;;"1";"2025";"P";"v31";;;;"2025-08-28";"5,4";"EA";"RL-050009-NLH"
"175565527";"DE";"HYUNDAI MOTOR EUROPE";"IP-050662-NLH";"HYUNDAI TURKIYE";"HYUNDAI MOTOR TURKIYE OTOMOTIV AS";;"E5*2007/46*0121*06";"BC3";"B5P51";"M62CZ1";"HYUNDAI";"I20";"M1";"M1";"1140";"1237";;"119";;;;"petrol";"M";"998";"74";;"";;;;;"1";"2025";"P";"v31";;;;"2025-04-24";"5,2";"EA";"RL-050009-NLH"
"175565734";"DE";"HYUNDAI MOTOR EUROPE";"IP-050662-NLH";"HYUNDAI TURKIYE";"HYUNDAI MOTOR TURKIYE OTOMOTIV AS";;"E5*2007/46*0121*06";"BC3";"B5P51";"M62CZ1";"HYUNDAI";"I20";"M1";"M1";"1140";"1258";;"119";;;;"petrol";"M";"998";"74";;"";;;;;"1";"2025";"P";"v31";;;;"2025-12-19";"5,2";"EA";"RL-050009-NLH"
"175566544";"DE";"HYUNDAI MOTOR EUROPE";"IP-050662-NLH";"HYUNDAI TURKIYE";"HYUNDAI MOTOR TURKIYE OTOMOTIV AS";;"E5*2007/46*0121*06";"BC3";"B5P51";"M62CZ1";"HYUNDAI";"I20";"M1";"M1";"1140";"1254";;"119";;;;"petrol";"M";"998";"74";;"";;;;;"1";"2025";"P";"v31";;;;"2025-12-09";"5,2";"EA";"RL-050009-NLH"
"175568887";"DE";"HYUNDAI MOTOR EUROPE";"IP-050662-NLH";"HYUNDAI TURKIYE";"HYUNDAI MOTOR TURKIYE OTOMOTIV AS";;"E5*2007/46*0121*06";"BC3";"B5P51";"M62CW1";"HYUNDAI";"I20";"M1";"M1";"1140";"1275";;"123";;;;"petrol";"M";"998";"74";;"";;;;;"1";"2025";"P";"v31";;;;"2025-04-14";"5,4";"EA";"RL-050009-NLH"
"175574518";"DE";"HYUNDAI MOTOR EUROPE";"IP-050662-NLH";"HYUNDAI TURKIYE";"HYUNDAI MOTOR TURKIYE OTOMOTIV AS";;"E5*2007/46*0121*06";"BC3";"B5P51";"M62CW1";"HYUNDAI";"I20";"M1";"M1";"1140";"1275";;"123";;;;"petrol";"M";"998";"74";;"";;;;;"1";"2025";"P";"v31";;;;"2025-03-18";"5,4";"EA";"RL-050009-NLH"
"175575218";"DE";"HYUNDAI MOTOR EUROPE";"IP-050662-NLH";"HYUNDAI TURKIYE";"HYUNDAI MOTOR TURKIYE OTOMOTIV AS";;"E5*2007/46*0121*06";"BC3";"B5P51";"M62CZ1";"HYUNDAI";"I20";"M1";"M1";"1140";"1258";;"119";;;;"petrol";"M";"998";"74";;"";;;;;"1";"2025";"P";"v31";;;;"2025-12-17";"5,2";"EA";"RL-050009-NLH"
"175575597";"DE";"HYUNDAI MOTOR EUROPE";"IP-050662-NLH";"HYUNDAI TURKIYE";"HYUNDAI MOTOR TURKIYE OTOMOTIV AS";;"E5*2007/46*0121*06";"BC3";"B5P51";"M62CZ1";"HYUNDAI";"I20";"M1";"M1";"1140";"1273";;"123";;;;"petrol";"M";"998";"74";;"";;;;;"1";"2025";"P";"v31";;;;"2025-12-15";"5,4";"EA";"RL-050009-NLH"
"175576144";"DE";"HYUNDAI MOTOR EUROPE";"IP-050662-NLH";"HYUNDAI TURKIYE";"HYUNDAI MOTOR TURKIYE OTOMOTIV AS";;"E5*2007/46*0121*06";"BC3";"B5P51";"M62CW1";"HYUNDAI";"I20";"M1";"M1";"1140";"1272";;"123";;;;"petrol";"M";"998";"74";;"";;;;;"1";"2025";"P";"v31";;;;"2025-07-09";"5,4";"EA";"RL-050009-NLH"
"175577933";"DE";"HYUNDAI MOTOR EUROPE";"IP-050662-NLH";"HYUNDAI TURKIYE";"HYUNDAI MOTOR TURKIYE OTOMOTIV AS";;"E5*2007/46*0121*06";"BC3";"B5P51";"M62CZ1";"HYUNDAI";"I20";"M1";"M1";"1140";"1237";;"119";;;;"petrol";"M";"998";"74";;"";;;;;"1";"2025";"P";"v31";;;;"2025-07-16";"5,2";"EA";"RL-050009-NLH"
"175579305";"DE";"HYUNDAI MOTOR EUROPE";"IP-050662-NLH";"HYUNDAI TURKIYE";"HYUNDAI MOTOR TURKIYE OTOMOTIV AS";;"E5*2007/46*0121*06";"BC3";"B5P51";"M62CZ1";"HYUNDAI";"I20";"M1";"M1";"1140";"1214";;"121";;;;"petrol";"M";"998";"74";;"";;;;;"1";"2025";"P";"v31";;;;"2025-05-20";"5,4";"EA";"RL-050009-NLH"
"175581573";"DE";"HYUNDAI MOTOR EUROPE";"IP-050662-NLH";"HYUNDAI TURKIYE";"HYUNDAI MOTOR TURKIYE OTOMOTIV AS";;"E5*2007/46*0121*06";"BC3";"B5P51";"M62CZ1";"HYUNDAI";"I20";"M1";"M1";"1140";"1254";;"119";;;;"petrol";"M";"998";"74";;"";;;;;"1";"2025";"P";"v31";;;;"2025-09-29";"5,2";"EA";"RL-050009-NLH"
"175582637";"DE";"HYUNDAI MOTOR EUROPE";"IP-050662-NLH";"HYUNDAI TURKIYE";"HYUNDAI MOTOR TURKIYE OTOMOTIV AS";;"E5*2007/46*0121*06";"BC3";"B5P51";"M62CW1";"HYUNDAI";"I20";"M1";"M1";"1140";"1275";;"123";;;;"petrol";"M";"998";"74";;"";;;;;"1";"2025";"P";"v31";;;;"2025-09-29";"5,4";"EA";"RL-050009-NLH"
"175584301";"DE";"HYUNDAI MOTOR EUROPE";"IP-050662-NLH";"HYUNDAI TURKIYE";"HYUNDAI MOTOR TURKIYE OTOMOTIV AS";;"E5*2007/46*0121*06";"BC3";"B5P51";"M62CZ1";"HYUNDAI";"I20";"M1";"M1";"1140";"1273";;"123";;;;"petrol";"M";"998";"74";;"";;;;;"1";"2025";"P";"v31";;;;"2025-12-02";"5,4";"EA";"RL-050009-NLH"
"175585424";"DE";"HYUNDAI MOTOR EUROPE";"IP-050662-NLH";"HYUNDAI TURKIYE";"HYUNDAI MOTOR TURKIYE OTOMOTIV AS";;"E5*2007/46*0121*06";"BC3";"B5P51";"M62CZ1";"HYUNDAI";"I20";"M1";"M1";"1140";"1237";;"119";;;;"petrol";"M";"998";"74";;"";;;;;"1";"2025";"P";"v31";;;;"2025-10-29";"5,2";"EA";"RL-050009-NLH"
"175585709";"DE";"HYUNDAI MOTOR EUROPE";"IP-050662-NLH";"HYUNDAI TURKIYE";"HYUNDAI MOTOR TURKIYE OTOMOTIV AS";;"E5*2007/46*0121*06";"BC3";"B5P51";"M62CZ1";"HYUNDAI";"I20";"M1";"M1";"1140";"1254";;"119";;;;"petrol";"M";"998";"74";;"";;;;;"1";"2025";"P";"v31";;;;"2025-09-02";"5,2";"EA";"RL-050009-NLH"
"175586016";"DE";"HYUNDAI MOTOR EUROPE";"IP-050662-NLH";"HYUNDAI TURKIYE";"HYUNDAI MOTOR TURKIYE OTOMOTIV AS";;"E5*2007/46*0121*06";"BC3";"B5P51";"M62CZ1";"HYUNDAI";"I20";"M1";"M1";"1140";"1273";;"123";;;;"petrol";"M";"998";"74";;"";;;;;"1";"2025";"P";"v31";;;;"2025-12-17";"5,4";"EA";"RL-050009-NLH"
"175586283";"DE";"HYUNDAI MOTOR EUROPE";"IP-050662-NLH";"HYUNDAI TURKIYE";"HYUNDAI MOTOR TURKIYE OTOMOTIV AS";;"E5*2007/46*0121*06";"BC3";"B5P51";"M62CZ1";"HYUNDAI";"I20";"M1";"M1";"1140";"1273";;"123";;;;"petrol";"M";"998";"74";;"";;;;;"1";"2025";"P";"v31";;;;"2025-04-03";"5,4";"EA";"RL-050009-NLH"
"175588353";"DE";"HYUNDAI MOTOR EUROPE";"IP-050662-NLH";"HYUNDAI TURKIYE";"HYUNDAI MOTOR TURKIYE OTOMOTIV AS";;"E5*2007/46*0121*06";"BC3";"B5P51";"M62CW1";"HYUNDAI";"I20";"M1";"M1";"1140";"1272";;"123";;;;"petrol";"M";"998";"74";;"";;;;;"1";"2025";"P";"v31";;;;"2025-09-11";"5,4";"EA";"RL-050009-NLH"
"175589404";"DE";"HYUNDAI MOTOR EUROPE";"IP-050662-NLH";"HYUNDAI TURKIYE";"HYUNDAI MOTOR TURKIYE OTOMOTIV AS";;"E5*2007/46*0121*06";"BC3";"B5P51";"M62CZ1";"HYUNDAI";"I20";"M1";"M1";"1140";"1237";;"119";;;;"petrol";"M";"998";"74";;"";;;;;"1";"2025";"P";"v31";;;;"2025-04-03";"5,2";"EA";"RL-050009-NLH"
"175589492";"DE";"HYUNDAI MOTOR EUROPE";"IP-050662-NLH";"HYUNDAI TURKIYE";"HYUNDAI MOTOR TURKIYE OTOMOTIV AS";;"E5*2007/46*0121*06";"BC3";"B5P51";"M62CZ1";"HYUNDAI";"I20";"M1";"M1";"1140";"1273";;"123";;;;"petrol";"M";"998";"74";;"";;;;;"1";"2025";"P";"v31";;;;"2025-12-18";"5,4";"EA";"RL-050009-NLH"
"175595144";"DE";"HYUNDAI MOTOR EUROPE";"IP-050662-NLH";"HYUNDAI TURKIYE";"HYUNDAI MOTOR TURKIYE OTOMOTIV AS";;"E5*2007/46*0121*06";"BC3";"B5P51";"M62CZ1";"HYUNDAI";"I20";"M1";"M1";"1140";"1254";;"119";;;;"petrol";"M";"998";"74";;"";;;;;"1";"2025";"P";"v31";;;;"2025-08-29";"5,2";"EA";"RL-050009-NLH"
"175598508";"DE";"HYUNDAI MOTOR EUROPE";"IP-050662-NLH";"HYUNDAI TURKIYE";"HYUNDAI MOTOR TURKIYE OTOMOTIV AS";;"E5*2007/46*0121*06";"BC3";"B5P51";"M62CZ1";"HYUNDAI";"I20";"M1";"M1";"1140";"1254";;"119";;;;"petrol";"M";"998";"74";;"";;;;;"1";"2025";"P";"v31";;;;"2025-03-18";"5,2";"EA";"RL-050009-NLH"
"175598521";"DE";"HYUNDAI MOTOR EUROPE";"IP-050662-NLH";"HYUNDAI TURKIYE";"HYUNDAI MOTOR TURKIYE OTOMOTIV AS";;"E5*2007/46*0121*06";"BC3";"B5P51";"M62CZ1";"HYUNDAI";"I20";"M1";"M1";"1140";"1256";;"119";;;;"petrol";"M";"998";"74";;"";;;;;"1";"2025";"P";"v31";;;;"2025-07-21";"5,2";"EA";"RL-050009-NLH"
"175599081";"DE";"HYUNDAI MOTOR EUROPE";"IP-050662-NLH";"HYUNDAI TURKIYE";"HYUNDAI MOTOR TURKIYE OTOMOTIV AS";;"E5*2007/46*0121*06";"BC3";"B5P51";"M62CZ1";"HYUNDAI";"I20";"M1";"M1";"1140";"1295";;"124";;;;"petrol";"M";"998";"74";;"";;;;;"1";"2025";"P";"v31";;;;"2025-09-19";"5,4";"EA";"RL-050009-NLH"
"175602632";"DE";"HYUNDAI MOTOR EUROPE";"IP-050662-NLH";"HYUNDAI TURKIYE";"HYUNDAI MOTOR TURKIYE OTOMOTIV AS";;"E5*2007/46*0121*06";"BC3";"B5P51";"M62CZ1";"HYUNDAI";"I20";"M1";"M1";"1140";"1237";;"119";;;;"petrol";"M";"998";"74";;"";;;;;"1";"2025";"P";"v31";;;;"2025-08-29";"5,2";"EA";"RL-050009-NLH"
"175602913";"DE";"HYUNDAI MOTOR EUROPE";"IP-050662-NLH";"HYUNDAI TURKIYE";"HYUNDAI MOTOR TURKIYE OTOMOTIV AS";;"E5*2007/46*0121*06";"BC3";"B5P51";"M62CZ1";"HYUNDAI";"I20";"M1";"M1";"1140";"1237";;"119";;;;"petrol";"M";"998";"74";;"";;;;;"1";"2025";"P";"v31";;;;"2025-04-30";"5,2";"EA";"RL-050009-NLH"
"175604190";"DE";"HYUNDAI MOTOR EUROPE";"IP-050662-NLH";"HYUNDAI TURKIYE";"HYUNDAI MOTOR TURKIYE OTOMOTIV AS";;"E5*2007/46*0121*06";"BC3";"B5P51";"M62CZ1";"HYUNDAI";"I20";"M1";"M1";"1140";"1258";;"119";;;;"petrol";"M";"998";"74";;"";;;;;"1";"2025";"P";"v31";;;;"2025-07-16";"5,2";"EA";"RL-050009-NLH"
"175605313";"DE";"HYUNDAI MOTOR EUROPE";"IP-050662-NLH";"HYUNDAI TURKIYE";"HYUNDAI MOTOR TURKIYE OTOMOTIV AS";;"E5*2007/46*0121*06";"BC3";"B5P51";"M62CW1";"HYUNDAI";"I20";"M1";"M1";"1140";"1272";;"123";;;;"petrol";"M";"998";"74";;"";;;;;"1";"2025";"P";"v31";;;;"2025-12-16";"5,4";"EA";"RL-050009-NLH"
"175607684";"DE";"HYUNDAI MOTOR EUROPE";"IP-050662-NLH";"HYUNDAI TURKIYE";"HYUNDAI MOTOR TURKIYE OTOMOTIV AS";;"E5*2007/46*0121*06";"BC3";"B5P51";"M62CZ1";"HYUNDAI";"I20";"M1";"M1";"1140";"1254";;"119";;;;"petrol";"M";"998";"74";;"";;;;;"1";"2025";"P";"v31";;;;"2025-07-31";"5,2";"EA";"RL-050009-NLH"
"175607957";"DE";"HYUNDAI MOTOR EUROPE";"IP-050662-NLH";"HYUNDAI TURKIYE";"HYUNDAI MOTOR TURKIYE OTOMOTIV AS";;"E5*2007/46*0121*06";"BC3";"B5P51";"M62CZ1";"HYUNDAI";"I20";"M1";"M1";"1140";"1237";;"119";;;;"petrol";"M";"998";"74";;"";;;;;"1";"2025";"P";"v31";;;;"2025-01-29";"5,2";"EA";"RL-050009-NLH"
"175611648";"DE";"HYUNDAI MOTOR EUROPE";"IP-050662-NLH";"HYUNDAI TURKIYE";"HYUNDAI MOTOR TURKIYE OTOMOTIV AS";;"E5*2007/46*0121*06";"BC3";"B5P51";"M62CZ1";"HYUNDAI";"I20";"M1";"M1";"1140";"1237";;"119";;;;"petrol";"M";"998";"74";;"";;;;;"1";"2025";"P";"v31";;;;"2025-04-28";"5,2";"EA";"RL-050009-NLH"
"175622226";"DE";"HYUNDAI MOTOR EUROPE";"IP-050662-NLH";"HYUNDAI TURKIYE";"HYUNDAI MOTOR TURKIYE OTOMOTIV AS";;"E5*2007/46*0121*06";"BC3";"B5P51";"M62CZ1";"HYUNDAI";"I20";"M1";"M1";"1140";"1254";;"119";;;;"petrol";"M";"998";"74";;"";;;;;"1";"2025";"P";"v31";;;;"2025-08-29";"5,2";"EA";"RL-050009-NLH"
"175624172";"DE";"HYUNDAI MOTOR EUROPE";"IP-050662-NLH";"HYUNDAI TURKIYE";"HYUNDAI MOTOR TURKIYE OTOMOTIV AS";;"E5*2007/46*0121*06";"BC3";"B5P51";"M62CZ1";"HYUNDAI";"I20";"M1";"M1";"1140";"1273";;"123";;;;"petrol";"M";"998";"74";;"";;;;;"1";"2025";"P";"v31";;;;"2025-02-18";"5,4";"EA";"RL-050009-NLH"
"175628715";"DE";"HYUNDAI MOTOR EUROPE";"IP-050662-NLH";"HYUNDAI TURKIYE";"HYUNDAI MOTOR TURKIYE OTOMOTIV AS";;"E5*2007/46*0121*06";"BC3";"B5P51";"M62CZ1";"HYUNDAI";"I20";"M1";"M1";"1140";"1256";;"119";;;;"petrol";"M";"998";"74";;"";;;;;"1";"2025";"P";"v31";;;;"2025-06-04";"5,2";"EA";"RL-050009-NLH"
"175632428";"DE";"HYUNDAI MOTOR EUROPE";"IP-050662-NLH";"HYUNDAI TURKIYE";"HYUNDAI MOTOR TURKIYE OTOMOTIV AS";;"E5*2007/46*0121*06";"BC3";"B5P51";"M62CZ1";"HYUNDAI";"I20";"M1";"M1";"1140";"1254";;"119";;;;"petrol";"M";"998";"74";;"";;;;;"1";"2025";"P";"v31";;;;"2025-05-28";"5,2";"EA";"RL-050009-NLH"
"175635374";"DE";"HYUNDAI MOTOR EUROPE";"IP-050662-NLH";"HYUNDAI TURKIYE";"HYUNDAI MOTOR TURKIYE OTOMOTIV AS";;"E5*2007/46*0121*06";"BC3";"B5P51";"M62CZ1";"HYUNDAI";"I20";"M1";"M1";"1140";"1258";;"119";;;;"petrol";"M";"998";"74";;"";;;;;"1";"2025";"P";"v31";;;;"2025-07-02";"5,2";"EA";"RL-050009-NLH"
"175638579";"DE";"HYUNDAI MOTOR EUROPE";"IP-050662-NLH";"HYUNDAI TURKIYE";"HYUNDAI MOTOR TURKIYE OTOMOTIV AS";;"E5*2007/46*0121*06";"BC3";"B5P51";"M62CZ1";"HYUNDAI";"I20";"M1";"M1";"1140";"1254";;"119";;;;"petrol";"M";"998";"74";;"";;;;;"1";"2025";"P";"v31";;;;"2025-07-16";"5,2";"EA";"RL-050009-NLH"
"175638662";"DE";"HYUNDAI MOTOR EUROPE";"IP-050662-NLH";"HYUNDAI TURKIYE";"HYUNDAI MOTOR TURKIYE OTOMOTIV AS";;"E5*2007/46*0121*06";"BC3";"B5P51";"M62CZ1";"HYUNDAI";"I20";"M1";"M1";"1140";"1258";;"119";;;;"petrol";"M";"998";"74";;"";;;;;"1";"2025";"P";"v31";;;;"2025-01-23";"5,2";"EA";"RL-050009-NLH"
"175646311";"DE";"HYUNDAI MOTOR EUROPE";"IP-050663-NLH";"HYUNDAI TURKIYE";"HYUNDAI MOTOR TURKIYE OTOMOTIV AS";;"E5*2007/46*0121*06";"BC3";"B5P51";"D71CW1";"HYUNDAI";"I20";"M1";"M1";"1165";"1298";;"126";;;;"petrol";"M";"998";"74";;"";;;;;"1";"2025";"P";"v31";;;;"2025-06-06";"5,5";"EA";"RL-050010-NLH"
"175646332";"DE";"HYUNDAI MOTOR EUROPE";"IP-050662-NLH";"HYUNDAI TURKIYE";"HYUNDAI MOTOR TURKIYE OTOMOTIV AS";;"E5*2007/46*0121*06";"BC3";"B5P51";"M62CZ1";"HYUNDAI";"I20";"M1";"M1";"1140";"1254";;"119";;;;"petrol";"M";"998";"74";;"";;;;;"1";"2025";"P";"v31";;;;"2025-01-17";"5,2";"EA";"RL-050009-NLH"
"175649037";"DE";"HYUNDAI MOTOR EUROPE";"IP-050662-NLH";"HYUNDAI TURKIYE";"HYUNDAI MOTOR TURKIYE OTOMOTIV AS";;"E5*2007/46*0121*06";"BC3";"B5P51";"M62CZ1";"HYUNDAI";"I20";"M1";"M1";"1140";"1259";;"119";;;;"petrol";"M";"998";"74";;"";;;;;"1";"2025";"P";"v31";;;;"2025-05-30";"5,3";"EA";"RL-050009-NLH"
"175650447";"DE";"HYUNDAI MOTOR EUROPE";"IP-050662-NLH";"HYUNDAI TURKIYE";"HYUNDAI MOTOR TURKIYE OTOMOTIV AS";;"E5*2007/46*0121*06";"BC3";"B5P51";"M62CZ1";"HYUNDAI";"I20";"M1";"M1";"1140";"1273";;"123";;;;"petrol";"M";"998";"74";;"";;;;;"1";"2025";"P";"v31";;;;"2025-08-28";"5,4";"EA";"RL-050009-NLH"
"175655128";"DE";"HYUNDAI MOTOR EUROPE";"IP-050662-NLH";"HYUNDAI TURKIYE";"HYUNDAI MOTOR TURKIYE OTOMOTIV AS";;"E5*2007/46*0121*06";"BC3";"B5P51";"M62CZ1";"HYUNDAI";"I20";"M1";"M1";"1140";"1254";;"119";;;;"petrol";"M";"998";"74";;"";;;;;"1";"2025";"P";"v31";;;;"2025-09-30";"5,2";"EA";"RL-050009-NLH"
"175655703";"DE";"HYUNDAI MOTOR EUROPE";"IP-050662-NLH";"HYUNDAI TURKIYE";"HYUNDAI MOTOR TURKIYE OTOMOTIV AS";;"E5*2007/46*0121*06";"BC3";"B5P51";"M62CZ1";"HYUNDAI";"I20";"M1";"M1";"1140";"1258";;"119";;;;"petrol";"M";"998";"74";;"";;;;;"1";"2025";"P";"v31";;;;"2025-08-18";"5,2";"EA";"RL-050009-NLH"
"175658342";"DE";"HYUNDAI MOTOR EUROPE";"IP-050662-NLH";"HYUNDAI TURKIYE";"HYUNDAI MOTOR TURKIYE OTOMOTIV AS";;"E5*2007/46*0121*06";"BC3";"B5P51";"M62CZ1";"HYUNDAI";"I20";"M1";"M1";"1140";"1258";;"119";;;;"petrol";"M";"998";"74";;"";;;;;"1";"2025";"P";"v31";;;;"2025-08-29";"5,2";"EA";"RL-050009-NLH"
"175664476";"DE";"HYUNDAI MOTOR EUROPE";"IP-050662-NLH";"HYUNDAI TURKIYE";"HYUNDAI MOTOR TURKIYE OTOMOTIV AS";;"E5*2007/46*0121*06";"BC3";"B5P51";"M62CW1";"HYUNDAI";"I20";"M1";"M1";"1140";"1272";;"123";;;;"petrol";"M";"998";"74";;"";;;;;"1";"2025";"P";"v31";;;;"2025-07-07";"5,4";"EA";"RL-050009-NLH"
"175666153";"DE";"HYUNDAI MOTOR EUROPE";"IP-050662-NLH";"HYUNDAI TURKIYE";"HYUNDAI MOTOR TURKIYE OTOMOTIV AS";;"E5*2007/46*0121*06";"BC3";"B5P51";"M62CZ1";"HYUNDAI";"I20";"M1";"M1";"1140";"1259";;"119";;;;"petrol";"M";"998";"74";;"";;;;;"1";"2025";"P";"v31";;;;"2025-05-27";"5,3";"EA";"RL-050009-NLH"
"175668942";"DE";"HYUNDAI MOTOR EUROPE";"IP-050662-NLH";"HYUNDAI TURKIYE";"HYUNDAI MOTOR TURKIYE OTOMOTIV AS";;"E5*2007/46*0121*06";"BC3";"B5P51";"M62CZ1";"HYUNDAI";"I20";"M1";"M1";"1140";"1237";;"119";;;;"petrol";"M";"998";"74";;"";;;;;"1";"2025";"P";"v31";;;;"2025-03-31";"5,2";"EA";"RL-050009-NLH"
"175669564";"DE";"HYUNDAI MOTOR EUROPE";"IP-050662-NLH";"HYUNDAI TURKIYE";"HYUNDAI MOTOR TURKIYE OTOMOTIV AS";;"E5*2007/46*0121*06";"BC3";"B5P51";"M62CZ1";"HYUNDAI";"I20";"M1";"M1";"1140";"1237";;"119";;;;"petrol";"M";"998";"74";;"";;;;;"1";"2025";"P";"v31";;;;"2025-09-30";"5,2";"EA";"RL-050009-NLH"
"175672491";"DE";"HYUNDAI MOTOR EUROPE";"IP-050662-NLH";"HYUNDAI TURKIYE";"HYUNDAI MOTOR TURKIYE OTOMOTIV AS";;"E5*2007/46*0121*06";"BC3";"B5P51";"M62CZ1";"HYUNDAI";"I20";"M1";"M1";"1140";"1237";;"119";;;;"petrol";"M";"998";"74";;"";;;;;"1";"2025";"P";"v31";;;;"2025-07-31";"5,2";"EA";"RL-050009-NLH"
"175674374";"DE";"HYUNDAI MOTOR EUROPE";"IP-050662-NLH";"HYUNDAI TURKIYE";"HYUNDAI MOTOR TURKIYE OTOMOTIV AS";;"E5*2007/46*0121*06";"BC3";"B5P51";"M62CZ1";"HYUNDAI";"I20";"M1";"M1";"1140";"1237";;"119";;;;"petrol";"M";"998";"74";;"";;;;;"1";"2025";"P";"v31";;;;"2025-07-08";"5,2";"EA";"RL-050009-NLH"
"175679635";"DE";"HYUNDAI MOTOR EUROPE";"IP-050662-NLH";"HYUNDAI TURKIYE";"HYUNDAI MOTOR TURKIYE OTOMOTIV AS";;"E5*2007/46*0121*06";"BC3";"B5P51";"M62CZ1";"HYUNDAI";"I20";"M1";"M1";"1140";"1277";;"120";;;;"petrol";"M";"998";"74";;"";;;;;"1";"2025";"P";"v31";;;;"2025-12-18";"5,3";"EA";"RL-050009-NLH"
"175682932";"DE";"HYUNDAI MOTOR EUROPE";"IP-050663-NLH";"HYUNDAI TURKIYE";"HYUNDAI MOTOR TURKIYE OTOMOTIV AS";;"E5*2007/46*0121*06";"BC3";"B5P51";"D71CW1";"HYUNDAI";"I20";"M1";"M1";"1165";"1300";;"126";;;;"petrol";"M";"998";"74";;"";;;;;"1";"2025";"P";"v31";;;;"2025-02-12";"5,5";"EA";"RL-050010-NLH"
"175684541";"DE";"HYUNDAI MOTOR EUROPE";"IP-050662-NLH";"HYUNDAI TURKIYE";"HYUNDAI MOTOR TURKIYE OTOMOTIV AS";;"E5*2007/46*0121*06";"BC3";"B5P51";"M62CZ1";"HYUNDAI";"I20";"M1";"M1";"1140";"1256";;"119";;;;"petrol";"M";"998";"74";;"";;;;;"1";"2025";"P";"v31";;;;"2025-07-08";"5,2";"EA";"RL-050009-NLH"
"175685554";"DE";"HYUNDAI MOTOR EUROPE";"IP-050662-NLH";"HYUNDAI TURKIYE";"HYUNDAI MOTOR TURKIYE OTOMOTIV AS";;"E5*2007/46*0121*06";"BC3";"B5P51";"M62CZ1";"HYUNDAI";"I20";"M1";"M1";"1140";"1255";;"119";;;;"petrol";"M";"998";"74";;"";;;;;"1";"2025";"P";"v31";;;;"2025-02-25";"5,2";"EA";"RL-050009-NLH"
"175691132";"DE";"HYUNDAI MOTOR EUROPE";"IP-050662-NLH";"HYUNDAI TURKIYE";"HYUNDAI MOTOR TURKIYE OTOMOTIV AS";;"E5*2007/46*0121*06";"BC3";"B5P51";"M62CZ1";"HYUNDAI";"I20";"M1";"M1";"1140";"1254";;"119";;;;"petrol";"M";"998";"74";;"";;;;;"1";"2025";"P";"v31";;;;"2025-10-08";"5,2";"EA";"RL-050009-NLH"
"175691685";"DE";"HYUNDAI MOTOR EUROPE";"IP-050662-NLH";"HYUNDAI TURKIYE";"HYUNDAI MOTOR TURKIYE OTOMOTIV AS";;"E5*2007/46*0121*06";"BC3";"B5P51";"M62CZ1";"HYUNDAI";"I20";"M1";"M1";"1140";"1237";;"119";;;;"petrol";"M";"998";"74";;"";;;;;"1";"2025";"P";"v31";;;;"2025-05-08";"5,2";"EA";"RL-050009-NLH"
"175694801";"DE";"HYUNDAI MOTOR EUROPE";"IP-050662-NLH";"HYUNDAI TURKIYE";"HYUNDAI MOTOR TURKIYE OTOMOTIV AS";;"E5*2007/46*0121*06";"BC3";"B5P51";"M62CZ1";"HYUNDAI";"I20";"M1";"M1";"1140";"1237";;"119";;;;"petrol";"M";"998";"74";;"";;;;;"1";"2025";"P";"v31";;;;"2025-09-24";"5,2";"EA";"RL-050009-NLH"
"175696034";"DE";"HYUNDAI MOTOR EUROPE";"IP-050662-NLH";"HYUNDAI TURKIYE";"HYUNDAI MOTOR TURKIYE OTOMOTIV AS";;"E5*2007/46*0121*06";"BC3";"B5P51";"M62CZ1";"HYUNDAI";"I20";"M1";"M1";"1140";"1237";;"119";;;;"petrol";"M";"998";"74";;"";;;;;"1";"2025";"P";"v31";;;;"2025-05-05";"5,2";"EA";"RL-050009-NLH"
"175697262";"DE";"HYUNDAI MOTOR EUROPE";"IP-050662-NLH";"HYUNDAI TURKIYE";"HYUNDAI MOTOR TURKIYE OTOMOTIV AS";;"E5*2007/46*0121*06";"BC3";"B5P51";"M62CZ1";"HYUNDAI";"I20";"M1";"M1";"1140";"1254";;"119";;;;"petrol";"M";"998";"74";;"";;;;;"1";"2025";"P";"v31";;;;"2025-01-30";"5,2";"EA";"RL-050009-NLH"
"175699416";"DE";"HYUNDAI MOTOR EUROPE";"IP-050662-NLH";"HYUNDAI TURKIYE";"HYUNDAI MOTOR TURKIYE OTOMOTIV AS";;"E5*2007/46*0121*06";"BC3";"B5P51";"M62CZ1";"HYUNDAI";"I20";"M1";"M1";"1140";"1258";;"119";;;;"petrol";"M";"998";"74";;"";;;;;"1";"2025";"P";"v31";;;;"2025-10-21";"5,2";"EA";"RL-050009-NLH"
"175699852";"DE";"HYUNDAI MOTOR EUROPE";"IP-050662-NLH";"HYUNDAI TURKIYE";"HYUNDAI MOTOR TURKIYE OTOMOTIV AS";;"E5*2007/46*0121*06";"BC3";"B5P51";"M62CZ1";"HYUNDAI";"I20";"M1";"M1";"1140";"1255";;"119";;;;"petrol";"M";"998";"74";;"";;;;;"1";"2025";"P";"v31";;;;"2025-03-24";"5,2";"EA";"RL-050009-NLH"
"175701827";"DE";"HYUNDAI MOTOR EUROPE";"IP-050662-NLH";"HYUNDAI TURKIYE";"HYUNDAI MOTOR TURKIYE OTOMOTIV AS";;"E5*2007/46*0121*06";"BC3";"B5P51";"M62CZ1";"HYUNDAI";"I20";"M1";"M1";"1140";"1254";;"119";;;;"petrol";"M";"998";"74";;"";;;;;"1";"2025";"P";"v31";;;;"2025-04-24";"5,2";"EA";"RL-050009-NLH"
"175708708";"DE";"HYUNDAI MOTOR EUROPE";"IP-050663-NLH";"HYUNDAI TURKIYE";"HYUNDAI MOTOR TURKIYE OTOMOTIV AS";;"E5*2007/46*0121*06";"BC3";"B5P51";"D71CW1";"HYUNDAI";"I20";"M1";"M1";"1165";"1301";;"126";;;;"petrol";"M";"998";"74";;"";;;;;"1";"2025";"P";"v31";;;;"2025-01-31";"5,5";"EA";"RL-050010-NLH"
"175708828";"DE";"HYUNDAI MOTOR EUROPE";"IP-050662-NLH";"HYUNDAI TURKIYE";"HYUNDAI MOTOR TURKIYE OTOMOTIV AS";;"E5*2007/46*0121*06";"BC3";"B5P51";"M62CZ1";"HYUNDAI";"I20";"M1";"M1";"1140";"1258";;"119";;;;"petrol";"M";"998";"74";;"";;;;;"1";"2025";"P";"v31";;;;"2025-04-14";"5,2";"EA";"RL-050009-NLH"
"175716408";"DE";"HYUNDAI MOTOR EUROPE";"IP-050662-NLH";"HYUNDAI TURKIYE";"HYUNDAI MOTOR TURKIYE OTOMOTIV AS";;"E5*2007/46*0121*06";"BC3";"B5P51";"M62CZ1";"HYUNDAI";"I20";"M1";"M1";"1140";"1260";;"119";;;;"petrol";"M";"998";"74";;"";;;;;"1";"2025";"P";"v31";;;;"2025-04-30";"5,3";"EA";"RL-050009-NLH"
"175723940";"DE";"HYUNDAI MOTOR EUROPE";"IP-050663-NLH";"HYUNDAI TURKIYE";"HYUNDAI MOTOR TURKIYE OTOMOTIV AS";;"E5*2007/46*0121*06";"BC3";"B5P51";"D71CW1";"HYUNDAI";"I20";"M1";"M1";"1165";"1301";;"126";;;;"petrol";"M";"998";"74";;"";;;;;"1";"2025";"P";"v31";;;;"2025-02-12";"5,5";"EA";"RL-050010-NLH"
"175729017";"DE";"HYUNDAI MOTOR EUROPE";"IP-050662-NLH";"HYUNDAI TURKIYE";"HYUNDAI MOTOR TURKIYE OTOMOTIV AS";;"E5*2007/46*0121*06";"BC3";"B5P51";"M62CW1";"HYUNDAI";"I20";"M1";"M1";"1140";"1272";;"123";;;;"petrol";"M";"998";"74";;"";;;;;"1";"2025";"P";"v31";;;;"2025-07-08";"5,4";"EA";"RL-050009-NLH"
"175729319";"DE";"HYUNDAI MOTOR EUROPE";"IP-050662-NLH";"HYUNDAI TURKIYE";"HYUNDAI MOTOR TURKIYE OTOMOTIV AS";;"E5*2007/46*0121*06";"BC3";"B5P51";"M62CZ1";"HYUNDAI";"I20";"M1";"M1";"1140";"1254";;"119";;;;"petrol";"M";"998";"74";;"";;;;;"1";"2025";"P";"v31";;;;"2025-10-01";"5,2";"EA";"RL-050009-NLH"
"175730626";"DE";"HYUNDAI MOTOR EUROPE";"IP-050662-NLH";"HYUNDAI TURKIYE";"HYUNDAI MOTOR TURKIYE OTOMOTIV AS";;"E5*2007/46*0121*06";"BC3";"B5P51";"M62CZ1";"HYUNDAI";"I20";"M1";"M1";"1140";"1295";;"124";;;;"petrol";"M";"998";"74";;"";;;;;"1";"2025";"P";"v31";;;;"2025-09-10";"5,4";"EA";"RL-050009-NLH"
"175739597";"DE";"HYUNDAI MOTOR EUROPE";"IP-050662-NLH";"HYUNDAI TURKIYE";"HYUNDAI MOTOR TURKIYE OTOMOTIV AS";;"E5*2007/46*0121*06";"BC3";"B5P51";"M62CZ1";"HYUNDAI";"I20";"M1";"M1";"1140";"1237";;"119";;;;"petrol";"M";"998";"74";;"";;;;;"1";"2025";"P";"v31";;;;"2025-10-06";"5,2";"EA";"RL-050009-NLH"
"175740770";"DE";"HYUNDAI MOTOR EUROPE";"IP-050662-NLH";"HYUNDAI TURKIYE";"HYUNDAI MOTOR TURKIYE OTOMOTIV AS";;"E5*2007/46*0121*06";"BC3";"B5P51";"M62CZ1";"HYUNDAI";"I20";"M1";"M1";"1140";"1254";;"119";;;;"petrol";"M";"998";"74";;"";;;;;"1";"2025";"P";"v31";;;;"2025-05-13";"5,2";"EA";"RL-050009-NLH"
"175745354";"DE";"HYUNDAI MOTOR EUROPE";"IP-050663-NLH";"HYUNDAI TURKIYE";"HYUNDAI MOTOR TURKIYE OTOMOTIV AS";;"E5*2007/46*0121*06";"BC3";"B5P51";"D71CW1";"HYUNDAI";"I20";"M1";"M1";"1165";"1298";;"126";;;;"petrol";"M";"998";"74";;"";;;;;"1";"2025";"P";"v31";;;;"2025-12-01";"5,5";"EA";"RL-050010-NLH"
"175754117";"DE";"HYUNDAI MOTOR EUROPE";"IP-050662-NLH";"HYUNDAI TURKIYE";"HYUNDAI MOTOR TURKIYE OTOMOTIV AS";;"E5*2007/46*0121*06";"BC3";"B5P51";"M62CZ1";"HYUNDAI";"I20";"M1";"M1";"1140";"1273";;"123";;;;"petrol";"M";"998";"74";;"";;;;;"1";"2025";"P";"v31";;;;"2025-01-30";"5,4";"EA";"RL-050009-NLH"
"175755505";"DE";"HYUNDAI MOTOR EUROPE";"IP-050662-NLH";"HYUNDAI TURKIYE";"HYUNDAI MOTOR TURKIYE OTOMOTIV AS";;"E5*2007/46*0121*06";"BC3";"B5P51";"M62CZ1";"HYUNDAI";"I20";"M1";"M1";"1140";"1259";;"119";;;;"petrol";"M";"998";"74";;"";;;;;"1";"2025";"P";"v31";;;;"2025-04-10";"5,3";"EA";"RL-050009-NLH"
"175758968";"DE";"HYUNDAI MOTOR EUROPE";"IP-050662-NLH";"HYUNDAI TURKIYE";"HYUNDAI MOTOR TURKIYE OTOMOTIV AS";;"E5*2007/46*0121*06";"BC3";"B5P51";"M62CZ1";"HYUNDAI";"I20";"M1";"M1";"1140";"1237";;"119";;;;"petrol";"M";"998";"74";;"";;;;;"1";"2025";"P";"v31";;;;"2025-06-16";"5,2";"EA";"RL-050009-NLH"
"175759887";"DE";"HYUNDAI MOTOR EUROPE";"IP-050662-NLH";"HYUNDAI TURKIYE";"HYUNDAI MOTOR TURKIYE OTOMOTIV AS";;"E5*2007/46*0121*06";"BC3";"B5P51";"M62CZ1";"HYUNDAI";"I20";"M1";"M1";"1140";"1259";;"119";;;;"petrol";"M";"998";"74";;"";;;;;"1";"2025";"P";"v31";;;;"2025-04-10";"5,3";"EA";"RL-050009-NLH"
"175772012";"DE";"HYUNDAI MOTOR EUROPE";"IP-050662-NLH";"HYUNDAI TURKIYE";"HYUNDAI MOTOR TURKIYE OTOMOTIV AS";;"E5*2007/46*0121*06";"BC3";"B5P51";"M62CZ1";"HYUNDAI";"I20";"M1";"M1";"1140";"1237";;"119";;;;"petrol";"M";"998";"74";;"";;;;;"1";"2025";"P";"v31";;;;"2025-04-03";"5,2";"EA";"RL-050009-NLH"
"175772620";"DE";"HYUNDAI MOTOR EUROPE";"IP-050663-NLH";"HYUNDAI TURKIYE";"HYUNDAI MOTOR TURKIYE OTOMOTIV AS";;"E5*2007/46*0121*06";"BC3";"B5P51";"D71CW1";"HYUNDAI";"I20";"M1";"M1";"1165";"1298";;"126";;;;"petrol";"M";"998";"74";;"";;;;;"1";"2025";"P";"v31";;;;"2025-09-15";"5,5";"EA";"RL-050010-NLH"
"175774159";"DE";"HYUNDAI MOTOR EUROPE";"IP-050663-NLH";"HYUNDAI TURKIYE";"HYUNDAI MOTOR TURKIYE OTOMOTIV AS";;"E5*2007/46*0121*06";"BC3";"B5P51";"D71CW1";"HYUNDAI";"I20";"M1";"M1";"1165";"1298";;"126";;;;"petrol";"M";"998";"74";;"";;;;;"1";"2025";"P";"v31";;;;"2025-09-19";"5,5";"EA";"RL-050010-NLH"
"175777275";"DE";"HYUNDAI MOTOR EUROPE";"IP-050662-NLH";"HYUNDAI TURKIYE";"HYUNDAI MOTOR TURKIYE OTOMOTIV AS";;"E5*2007/46*0121*06";"BC3";"B5P51";"M62CZ1";"HYUNDAI";"I20";"M1";"M1";"1140";"1254";;"119";;;;"petrol";"M";"998";"74";;"";;;;;"1";"2025";"P";"v31";;;;"2025-09-24";"5,2";"EA";"RL-050009-NLH"
"175777472";"DE";"HYUNDAI MOTOR EUROPE";"IP-050662-NLH";"HYUNDAI TURKIYE";"HYUNDAI MOTOR TURKIYE OTOMOTIV AS";;"E5*2007/46*0121*06";"BC3";"B5P51";"M62CZ1";"HYUNDAI";"I20";"M1";"M1";"1140";"1258";;"119";;;;"petrol";"M";"998";"74";;"";;;;;"1";"2025";"P";"v31";;;;"2025-01-02";"5,2";"EA";"RL-050009-NLH"
"175787713";"DE";"HYUNDAI MOTOR EUROPE";"IP-050662-NLH";"HYUNDAI TURKIYE";"HYUNDAI MOTOR TURKIYE OTOMOTIV AS";;"E5*2007/46*0121*06";"BC3";"B5P51";"M62CZ1";"HYUNDAI";"I20";"M1";"M1";"1140";"1237";;"119";;;;"petrol";"M";"998";"74";;"";;;;;"1";"2025";"P";"v31";;;;"2025-07-09";"5,2";"EA";"RL-050009-NLH"
"175789744";"DE";"HYUNDAI MOTOR EUROPE";"IP-050662-NLH";"HYUNDAI TURKIYE";"HYUNDAI MOTOR TURKIYE OTOMOTIV AS";;"E5*2007/46*0121*06";"BC3";"B5P51";"M62CZ1";"HYUNDAI";"I20";"M1";"M1";"1140";"1258";;"119";;;;"petrol";"M";"998";"74";;"";;;;;"1";"2025";"P";"v31";;;;"2025-01-23";"5,2";"EA";"RL-050009-NLH"
"175793475";"DE";"HYUNDAI MOTOR EUROPE";"IP-050662-NLH";"HYUNDAI TURKIYE";"HYUNDAI MOTOR TURKIYE OTOMOTIV AS";;"E5*2007/46*0121*06";"BC3";"B5P51";"M62CZ1";"HYUNDAI";"I20";"M1";"M1";"1140";"1259";;"119";;;;"petrol";"M";"998";"74";;"";;;;;"1";"2025";"P";"v31";;;;"2025-07-14";"5,3";"EA";"RL-050009-NLH"
"175798425";"DE";"HYUNDAI MOTOR EUROPE";"IP-050662-NLH";"HYUNDAI TURKIYE";"HYUNDAI MOTOR TURKIYE OTOMOTIV AS";;"E5*2007/46*0121*06";"BC3";"B5P51";"M62CZ1";"HYUNDAI";"I20";"M1";"M1";"1140";"1254";;"119";;;;"petrol";"M";"998";"74";;"";;;;;"1";"2025";"P";"v31";;;;"2025-03-05";"5,2";"EA";"RL-050009-NLH"
"175799728";"DE";"HYUNDAI MOTOR EUROPE";"IP-050662-NLH";"HYUNDAI TURKIYE";"HYUNDAI MOTOR TURKIYE OTOMOTIV AS";;"E5*2007/46*0121*06";"BC3";"B5P51";"M62CW1";"HYUNDAI";"I20";"M1";"M1";"1140";"1272";;"123";;;;"petrol";"M";"998";"74";;"";;;;;"1";"2025";"P";"v31";;;;"2025-12-18";"5,4";"EA";"RL-050009-NLH"
"175802111";"DE";"HYUNDAI MOTOR EUROPE";"IP-050662-NLH";"HYUNDAI TURKIYE";"HYUNDAI MOTOR TURKIYE OTOMOTIV AS";;"E5*2007/46*0121*06";"BC3";"B5P51";"M62CZ1";"HYUNDAI";"I20";"M1";"M1";"1140";"1273";;"123";;;;"petrol";"M";"998";"74";;"";;;;;"1";"2025";"P";"v31";;;;"2025-12-11";"5,4";"EA";"RL-050009-NLH"
"175802810";"DE";"HYUNDAI MOTOR EUROPE";"IP-050662-NLH";"HYUNDAI TURKIYE";"HYUNDAI MOTOR TURKIYE OTOMOTIV AS";;"E5*2007/46*0121*06";"BC3";"B5P51";"M62CZ1";"HYUNDAI";"I20";"M1";"M1";"1140";"1237";;"119";;;;"petrol";"M";"998";"74";;"";;;;;"1";"2025";"P";"v31";;;;"2025-09-08";"5,2";"EA";"RL-050009-NLH"
"175804584";"DE";"HYUNDAI MOTOR EUROPE";"IP-050662-NLH";"HYUNDAI TURKIYE";"HYUNDAI MOTOR TURKIYE OTOMOTIV AS";;"E5*2007/46*0121*06";"BC3";"B5P51";"M62CZ1";"HYUNDAI";"I20";"M1";"M1";"1140";"1256";;"119";;;;"petrol";"M";"998";"74";;"";;;;;"1";"2025";"P";"v31";;;;"2025-07-31";"5,2";"EA";"RL-050009-NLH"
"175806813";"DE";"HYUNDAI MOTOR EUROPE";"IP-050662-NLH";"HYUNDAI TURKIYE";"HYUNDAI MOTOR TURKIYE OTOMOTIV AS";;"E5*2007/46*0121*06";"BC3";"B5P51";"M62CZ1";"HYUNDAI";"I20";"M1";"M1";"1140";"1259";;"119";;;;"petrol";"M";"998";"74";;"";;;;;"1";"2025";"P";"v31";;;;"2025-05-27";"5,3";"EA";"RL-050009-NLH"
"175807885";"DE";"HYUNDAI MOTOR EUROPE";"IP-050662-NLH";"HYUNDAI TURKIYE";"HYUNDAI MOTOR TURKIYE OTOMOTIV AS";;"E5*2007/46*0121*06";"BC3";"B5P51";"M62CZ1";"HYUNDAI";"I20";"M1";"M1";"1140";"1255";;"119";;;;"petrol";"M";"998";"74";;"";;;;;"1";"2025";"P";"v31";;;;"2025-07-29";"5,2";"EA";"RL-050009-NLH"
"175809076";"DE";"HYUNDAI MOTOR EUROPE";"IP-050662-NLH";"HYUNDAI TURKIYE";"HYUNDAI MOTOR TURKIYE OTOMOTIV AS";;"E5*2007/46*0121*06";"BC3";"B5P51";"M62CZ1";"HYUNDAI";"I20";"M1";"M1";"1140";"1254";;"119";;;;"petrol";"M";"998";"74";;"";;;;;"1";"2025";"P";"v31";;;;"2025-01-15";"5,2";"EA";"RL-050009-NLH"
"175810776";"DE";"HYUNDAI MOTOR EUROPE";"IP-050662-NLH";"HYUNDAI TURKIYE";"HYUNDAI MOTOR TURKIYE OTOMOTIV AS";;"E5*2007/46*0121*06";"BC3";"B5P51";"M62CW1";"HYUNDAI";"I20";"M1";"M1";"1140";"1275";;"123";;;;"petrol";"M";"998";"74";;"";;;;;"1";"2025";"P";"v31";;;;"2025-07-15";"5,4";"EA";"RL-050009-NLH"
"175812945";"DE";"HYUNDAI MOTOR EUROPE";"IP-050662-NLH";"HYUNDAI TURKIYE";"HYUNDAI MOTOR TURKIYE OTOMOTIV AS";;"E5*2007/46*0121*06";"BC3";"B5P51";"M62CZ1";"HYUNDAI";"I20";"M1";"M1";"1140";"1237";;"119";;;;"petrol";"M";"998";"74";;"";;;;;"1";"2025";"P";"v31";;;;"2025-06-26";"5,2";"EA";"RL-050009-NLH"
"175817517";"DE";"HYUNDAI MOTOR EUROPE";"IP-050663-NLH";"HYUNDAI TURKIYE";"HYUNDAI MOTOR TURKIYE OTOMOTIV AS";;"E5*2007/46*0121*06";"BC3";"B5P51";"D71CW1";"HYUNDAI";"I20";"M1";"M1";"1165";"1298";;"126";;;;"petrol";"M";"998";"74";;"";;;;;"1";"2025";"P";"v31";;;;"2025-03-27";"5,5";"EA";"RL-050010-NLH"
"175821759";"DE";"HYUNDAI MOTOR EUROPE";"IP-050662-NLH";"HYUNDAI TURKIYE";"HYUNDAI MOTOR TURKIYE OTOMOTIV AS";;"E5*2007/46*0121*06";"BC3";"B5P51";"M62CZ1";"HYUNDAI";"I20";"M1";"M1";"1140";"1273";;"123";;;;"petrol";"M";"998";"74";;"";;;;;"1";"2025";"P";"v31";;;;"2025-11-06";"5,4";"EA";"RL-050009-NLH"
"175827288";"DE";"HYUNDAI MOTOR EUROPE";"IP-050662-NLH";"HYUNDAI TURKIYE";"HYUNDAI MOTOR TURKIYE OTOMOTIV AS";;"E5*2007/46*0121*06";"BC3";"B5P51";"M62CZ1";"HYUNDAI";"I20";"M1";"M1";"1140";"1254";;"119";;;;"petrol";"M";"998";"74";;"";;;;;"1";"2025";"P";"v31";;;;"2025-10-21";"5,2";"EA";"RL-050009-NLH"
"175829538";"DE";"HYUNDAI MOTOR EUROPE";"IP-050662-NLH";"HYUNDAI TURKIYE";"HYUNDAI MOTOR TURKIYE OTOMOTIV AS";;"E5*2007/46*0121*06";"BC3";"B5P51";"M62CZ1";"HYUNDAI";"I20";"M1";"M1";"1140";"1237";;"119";;;;"petrol";"M";"998";"74";;"";;;;;"1";"2025";"P";"v31";;;;"2025-04-22";"5,2";"EA";"RL-050009-NLH"
"175829614";"DE";"HYUNDAI MOTOR EUROPE";"IP-050662-NLH";"HYUNDAI TURKIYE";"HYUNDAI MOTOR TURKIYE OTOMOTIV AS";;"E5*2007/46*0121*06";"BC3";"B5P51";"M62CZ1";"HYUNDAI";"I20";"M1";"M1";"1140";"1237";;"119";;;;"petrol";"M";"998";"74";;"";;;;;"1";"2025";"P";"v31";;;;"2025-04-25";"5,2";"EA";"RL-050009-NLH"
"175830303";"DE";"HYUNDAI MOTOR EUROPE";"IP-050662-NLH";"HYUNDAI TURKIYE";"HYUNDAI MOTOR TURKIYE OTOMOTIV AS";;"E5*2007/46*0121*06";"BC3";"B5P51";"M62CZ1";"HYUNDAI";"I20";"M1";"M1";"1140";"1259";;"119";;;;"petrol";"M";"998";"74";;"";;;;;"1";"2025";"P";"v31";;;;"2025-06-30";"5,3";"EA";"RL-050009-NLH"
"175836360";"DE";"HYUNDAI MOTOR EUROPE";"IP-050662-NLH";"HYUNDAI TURKIYE";"HYUNDAI MOTOR TURKIYE OTOMOTIV AS";;"E5*2007/46*0121*06";"BC3";"B5P51";"M62CZ1";"HYUNDAI";"I20";"M1";"M1";"1140";"1254";;"119";;;;"petrol";"M";"998";"74";;"";;;;;"1";"2025";"P";"v31";;;;"2025-06-30";"5,2";"EA";"RL-050009-NLH"
"175836661";"DE";"HYUNDAI MOTOR EUROPE";"IP-050662-NLH";"HYUNDAI TURKIYE";"HYUNDAI MOTOR TURKIYE OTOMOTIV AS";;"E5*2007/46*0121*06";"BC3";"B5P51";"M62CW1";"HYUNDAI";"I20";"M1";"M1";"1140";"1272";;"123";;;;"petrol";"M";"998";"74";;"";;;;;"1";"2025";"P";"v31";;;;"2025-02-03";"5,4";"EA";"RL-050009-NLH"
"175837264";"DE";"HYUNDAI MOTOR EUROPE";"IP-050662-NLH";"HYUNDAI TURKIYE";"HYUNDAI MOTOR TURKIYE OTOMOTIV AS";;"E5*2007/46*0121*06";"BC3";"B5P51";"M62CZ1";"HYUNDAI";"I20";"M1";"M1";"1140";"1237";;"119";;;;"petrol";"M";"998";"74";;"";;;;;"1";"2025";"P";"v31";;;;"2025-03-18";"5,2";"EA";"RL-050009-NLH"
"175837847";"DE";"HYUNDAI MOTOR EUROPE";"IP-050662-NLH";"HYUNDAI TURKIYE";"HYUNDAI MOTOR TURKIYE OTOMOTIV AS";;"E5*2007/46*0121*06";"BC3";"B5P51";"M62CZ1";"HYUNDAI";"I20";"M1";"M1";"1140";"1256";;"119";;;;"petrol";"M";"998";"74";;"";;;;;"1";"2025";"P";"v31";;;;"2025-03-19";"5,2";"EA";"RL-050009-NLH"
"175838825";"DE";"HYUNDAI MOTOR EUROPE";"IP-050663-NLH";"HYUNDAI TURKIYE";"HYUNDAI MOTOR TURKIYE OTOMOTIV AS";;"E5*2007/46*0121*06";"BC3";"B5P51";"D71CW1";"HYUNDAI";"I20";"M1";"M1";"1165";"1301";;"126";;;;"petrol";"M";"998";"74";;"";;;;;"1";"2025";"P";"v31";;;;"2025-02-07";"5,5";"EA";"RL-050010-NLH"
"175840708";"DE";"HYUNDAI MOTOR EUROPE";"IP-050663-NLH";"HYUNDAI TURKIYE";"HYUNDAI MOTOR TURKIYE OTOMOTIV AS";;"E5*2007/46*0121*06";"BC3";"B5P51";"D71CW1";"HYUNDAI";"I20";"M1";"M1";"1165";"1300";;"126";;;;"petrol";"M";"998";"74";;"";;;;;"1";"2025";"P";"v31";;;;"2025-08-26";"5,5";"EA";"RL-050010-NLH"
"175844384";"DE";"HYUNDAI MOTOR EUROPE";"IP-050663-NLH";"HYUNDAI TURKIYE";"HYUNDAI MOTOR TURKIYE OTOMOTIV AS";;"E5*2007/46*0121*06";"BC3";"B5P51";"D71CW1";"HYUNDAI";"I20";"M1";"M1";"1165";"1300";;"126";;;;"petrol";"M";"998";"74";;"";;;;;"1";"2025";"P";"v31";;;;"2025-03-03";"5,5";"EA";"RL-050010-NLH"
"175845867";"DE";"HYUNDAI MOTOR EUROPE";"IP-050662-NLH";"HYUNDAI TURKIYE";"HYUNDAI MOTOR TURKIYE OTOMOTIV AS";;"E5*2007/46*0121*06";"BC3";"B5P51";"M62CZ1";"HYUNDAI";"I20";"M1";"M1";"1140";"1259";;"119";;;;"petrol";"M";"998";"74";;"";;;;;"1";"2025";"P";"v31";;;;"2025-09-08";"5,3";"EA";"RL-050009-NLH"
"175848282";"DE";"HYUNDAI MOTOR EUROPE";"IP-050662-NLH";"HYUNDAI TURKIYE";"HYUNDAI MOTOR TURKIYE OTOMOTIV AS";;"E5*2007/46*0121*06";"BC3";"B5P51";"M62CW1";"HYUNDAI";"I20";"M1";"M1";"1140";"1272";;"123";;;;"petrol";"M";"998";"74";;"";;;;;"1";"2025";"P";"v31";;;;"2025-03-03";"5,4";"EA";"RL-050009-NLH"
"175849445";"DE";"HYUNDAI MOTOR EUROPE";"IP-050662-NLH";"HYUNDAI TURKIYE";"HYUNDAI MOTOR TURKIYE OTOMOTIV AS";;"E5*2007/46*0121*06";"BC3";"B5P51";"M62CZ1";"HYUNDAI";"I20";"M1";"M1";"1140";"1237";;"119";;;;"petrol";"M";"998";"74";;"";;;;;"1";"2025";"P";"v31";;;;"2025-05-28";"5,2";"EA";"RL-050009-NLH"
"175851726";"DE";"HYUNDAI MOTOR EUROPE";"IP-050662-NLH";"HYUNDAI TURKIYE";"HYUNDAI MOTOR TURKIYE OTOMOTIV AS";;"E5*2007/46*0121*06";"BC3";"B5P51";"M62CZ1";"HYUNDAI";"I20";"M1";"M1";"1140";"1254";;"119";;;;"petrol";"M";"998";"74";;"";;;;;"1";"2025";"P";"v31";;;;"2025-05-22";"5,2";"EA";"RL-050009-NLH"
"175857160";"DE";"HYUNDAI MOTOR EUROPE";"IP-050662-NLH";"HYUNDAI TURKIYE";"HYUNDAI MOTOR TURKIYE OTOMOTIV AS";;"E5*2007/46*0121*06";"BC3";"B5P51";"M62CW1";"HYUNDAI";"I20";"M1";"M1";"1140";"1294";;"124";;;;"petrol";"M";"998";"74";;"";;;;;"1";"2025";"P";"v31";;;;"2025-11-17";"5,5";"EA";"RL-050009-NLH"
"175862288";"DE";"HYUNDAI MOTOR EUROPE";"IP-050662-NLH";"HYUNDAI TURKIYE";"HYUNDAI MOTOR TURKIYE OTOMOTIV AS";;"E5*2007/46*0121*06";"BC3";"B5P51";"M62CZ1";"HYUNDAI";"I20";"M1";"M1";"1140";"1258";;"119";;;;"petrol";"M";"998";"74";;"";;;;;"1";"2025";"P";"v31";;;;"2025-04-22";"5,2";"EA";"RL-050009-NLH"
"175869286";"DE";"HYUNDAI MOTOR EUROPE";"IP-050662-NLH";"HYUNDAI TURKIYE";"HYUNDAI MOTOR TURKIYE OTOMOTIV AS";;"E5*2007/46*0121*06";"BC3";"B5P51";"M62CZ1";"HYUNDAI";"I20";"M1";"M1";"1140";"1237";;"119";;;;"petrol";"M";"998";"74";;"";;;;;"1";"2025";"P";"v31";;;;"2025-09-25";"5,2";"EA";"RL-050009-NLH"
"175869825";"DE";"HYUNDAI MOTOR EUROPE";"IP-050662-NLH";"HYUNDAI TURKIYE";"HYUNDAI MOTOR TURKIYE OTOMOTIV AS";;"E5*2007/46*0121*06";"BC3";"B5P51";"M62CZ1";"HYUNDAI";"I20";"M1";"M1";"1140";"1273";;"123";;;;"petrol";"M";"998";"74";;"";;;;;"1";"2025";"P";"v31";;;;"2025-11-26";"5,4";"EA";"RL-050009-NLH"
"175870873";"DE";"HYUNDAI MOTOR EUROPE";"IP-050662-NLH";"HYUNDAI TURKIYE";"HYUNDAI MOTOR TURKIYE OTOMOTIV AS";;"E5*2007/46*0121*06";"BC3";"B5P51";"M62CZ1";"HYUNDAI";"I20";"M1";"M1";"1140";"1254";;"119";;;;"petrol";"M";"998";"74";;"";;;;;"1";"2025";"P";"v31";;;;"2025-05-05";"5,2";"EA";"RL-050009-NLH"
"175872021";"DE";"HYUNDAI MOTOR EUROPE";"IP-050662-NLH";"HYUNDAI TURKIYE";"HYUNDAI MOTOR TURKIYE OTOMOTIV AS";;"E5*2007/46*0121*06";"BC3";"B5P51";"M62CZ1";"HYUNDAI";"I20";"M1";"M1";"1140";"1274";;"120";;;;"petrol";"M";"998";"74";;"";;;;;"1";"2025";"P";"v31";;;;"2025-08-29";"5,3";"EA";"RL-050009-NLH"
"175874442";"DE";"HYUNDAI MOTOR EUROPE";"IP-050662-NLH";"HYUNDAI TURKIYE";"HYUNDAI MOTOR TURKIYE OTOMOTIV AS";;"E5*2007/46*0121*06";"BC3";"B5P51";"M62CZ1";"HYUNDAI";"I20";"M1";"M1";"1140";"1259";;"119";;;;"petrol";"M";"998";"74";;"";;;;;"1";"2025";"P";"v31";;;;"2025-10-21";"5,3";"EA";"RL-050009-NLH"
"175875615";"DE";"HYUNDAI MOTOR EUROPE";"IP-050662-NLH";"HYUNDAI TURKIYE";"HYUNDAI MOTOR TURKIYE OTOMOTIV AS";;"E5*2007/46*0121*06";"BC3";"B5P51";"M62CZ1";"HYUNDAI";"I20";"M1";"M1";"1140";"1258";;"119";;;;"petrol";"M";"998";"74";;"";;;;;"1";"2025";"P";"v31";;;;"2025-10-02";"5,2";"EA";"RL-050009-NLH"
"175878302";"DE";"HYUNDAI MOTOR EUROPE";"IP-050663-NLH";"HYUNDAI TURKIYE";"HYUNDAI MOTOR TURKIYE OTOMOTIV AS";;"E5*2007/46*0121*06";"BC3";"B5P51";"D71CW1";"HYUNDAI";"I20";"M1";"M1";"1165";"1300";;"126";;;;"petrol";"M";"998";"74";;"";;;;;"1";"2025";"P";"v31";;;;"2025-04-16";"5,5";"EA";"RL-050010-NLH"
"175878466";"DE";"HYUNDAI MOTOR EUROPE";"IP-050662-NLH";"HYUNDAI TURKIYE";"HYUNDAI MOTOR TURKIYE OTOMOTIV AS";;"E5*2007/46*0121*06";"BC3";"B5P51";"M62CZ1";"HYUNDAI";"I20";"M1";"M1";"1140";"1254";;"119";;;;"petrol";"M";"998";"74";;"";;;;;"1";"2025";"P";"v31";;;;"2025-12-22";"5,2";"EA";"RL-050009-NLH"
"175883558";"DE";"HYUNDAI MOTOR EUROPE";"IP-050662-NLH";"HYUNDAI TURKIYE";"HYUNDAI MOTOR TURKIYE OTOMOTIV AS";;"E5*2007/46*0121*06";"BC3";"B5P51";"M62CZ1";"HYUNDAI";"I20";"M1";"M1";"1140";"1257";;"119";;;;"petrol";"M";"998";"74";;"";;;;;"1";"2025";"P";"v31";;;;"2025-10-09";"5,2";"EA";"RL-050009-NLH"
"175886758";"DE";"HYUNDAI MOTOR EUROPE";"IP-050663-NLH";"HYUNDAI TURKIYE";"HYUNDAI MOTOR TURKIYE OTOMOTIV AS";;"E5*2007/46*0121*06";"BC3";"B5P51";"D71CW1";"HYUNDAI";"I20";"M1";"M1";"1165";"1300";;"126";;;;"petrol";"M";"998";"74";;"";;;;;"1";"2025";"P";"v31";;;;"2025-02-06";"5,5";"EA";"RL-050010-NLH"
"175895559";"DE";"HYUNDAI MOTOR EUROPE";"IP-050662-NLH";"HYUNDAI TURKIYE";"HYUNDAI MOTOR TURKIYE OTOMOTIV AS";;"E5*2007/46*0121*06";"BC3";"B5P51";"M62CW1";"HYUNDAI";"I20";"M1";"M1";"1140";"1272";;"123";;;;"petrol";"M";"998";"74";;"";;;;;"1";"2025";"P";"v31";;;;"2025-03-26";"5,4";"EA";"RL-050009-NLH"
"175896942";"DE";"HYUNDAI MOTOR EUROPE";"IP-050662-NLH";"HYUNDAI TURKIYE";"HYUNDAI MOTOR TURKIYE OTOMOTIV AS";;"E5*2007/46*0121*06";"BC3";"B5P51";"M62CZ1";"HYUNDAI";"I20";"M1";"M1";"1140";"1258";;"119";;;;"petrol";"M";"998";"74";;"";;;;;"1";"2025";"P";"v31";;;;"2025-03-26";"5,2";"EA";"RL-050009-NLH"
"175899373";"DE";"HYUNDAI MOTOR EUROPE";"IP-050662-NLH";"HYUNDAI TURKIYE";"HYUNDAI MOTOR TURKIYE OTOMOTIV AS";;"E5*2007/46*0121*06";"BC3";"B5P51";"M62CZ1";"HYUNDAI";"I20";"M1";"M1";"1140";"1295";;"124";;;;"petrol";"M";"998";"74";;"";;;;;"1";"2025";"P";"v31";;;;"2025-10-01";"5,4";"EA";"RL-050009-NLH"
"175901181";"DE";"HYUNDAI MOTOR EUROPE";"IP-050662-NLH";"HYUNDAI TURKIYE";"HYUNDAI MOTOR TURKIYE OTOMOTIV AS";;"E5*2007/46*0121*06";"BC3";"B5P51";"M62CZ1";"HYUNDAI";"I20";"M1";"M1";"1140";"1237";;"119";;;;"petrol";"M";"998";"74";;"";;;;;"1";"2025";"P";"v31";;;;"2025-05-26";"5,2";"EA";"RL-050009-NLH"
"175903021";"DE";"HYUNDAI MOTOR EUROPE";"IP-050662-NLH";"HYUNDAI TURKIYE";"HYUNDAI MOTOR TURKIYE OTOMOTIV AS";;"E5*2007/46*0121*06";"BC3";"B5P51";"M62CZ1";"HYUNDAI";"I20";"M1";"M1";"1140";"1237";;"119";;;;"petrol";"M";"998";"74";;"";;;;;"1";"2025";"P";"v31";;;;"2025-07-02";"5,2";"EA";"RL-050009-NLH"
"175906786";"DE";"HYUNDAI MOTOR EUROPE";"IP-050662-NLH";"HYUNDAI TURKIYE";"HYUNDAI MOTOR TURKIYE OTOMOTIV AS";;"E5*2007/46*0121*06";"BC3";"B5P51";"M62CZ1";"HYUNDAI";"I20";"M1";"M1";"1140";"1256";;"119";;;;"petrol";"M";"998";"74";;"";;;;;"1";"2025";"P";"v31";;;;"2025-01-30";"5,2";"EA";"RL-050009-NLH"
"175907769";"DE";"HYUNDAI MOTOR EUROPE";"IP-050663-NLH";"HYUNDAI TURKIYE";"HYUNDAI MOTOR TURKIYE OTOMOTIV AS";;"E5*2007/46*0121*06";"BC3";"B5P51";"D71CW1";"HYUNDAI";"I20";"M1";"M1";"1165";"1298";;"126";;;;"petrol";"M";"998";"74";;"";;;;;"1";"2025";"P";"v31";;;;"2025-06-26";"5,5";"EA";"RL-050010-NLH"
"175913447";"DE";"HYUNDAI MOTOR EUROPE";"IP-050662-NLH";"HYUNDAI TURKIYE";"HYUNDAI MOTOR TURKIYE OTOMOTIV AS";;"E5*2007/46*0121*06";"BC3";"B5P51";"M62CZ1";"HYUNDAI";"I20";"M1";"M1";"1140";"1258";;"119";;;;"petrol";"M";"998";"74";;"";;;;;"1";"2025";"P";"v31";;;;"2025-07-25";"5,2";"EA";"RL-050009-NLH"
"175919905";"DE";"HYUNDAI MOTOR EUROPE";"IP-050662-NLH";"HYUNDAI TURKIYE";"HYUNDAI MOTOR TURKIYE OTOMOTIV AS";;"E5*2007/46*0121*06";"BC3";"B5P51";"M62CZ1";"HYUNDAI";"I20";"M1";"M1";"1140";"1237";;"119";;;;"petrol";"M";"998";"74";;"";;;;;"1";"2025";"P";"v31";;;;"2025-05-20";"5,2";"EA";"RL-050009-NLH"
"175923518";"DE";"HYUNDAI MOTOR EUROPE";"IP-050663-NLH";"HYUNDAI TURKIYE";"HYUNDAI MOTOR TURKIYE OTOMOTIV AS";;"E5*2007/46*0121*06";"BC3";"B5P51";"D71CW1";"HYUNDAI";"I20";"M1";"M1";"1165";"1298";;"126";;;;"petrol";"M";"998";"74";;"";;;;;"1";"2025";"P";"v31";;;;"2025-07-10";"5,5";"EA";"RL-050010-NLH"
"175924576";"DE";"HYUNDAI MOTOR EUROPE";"IP-050662-NLH";"HYUNDAI TURKIYE";"HYUNDAI MOTOR TURKIYE OTOMOTIV AS";;"E5*2007/46*0121*06";"BC3";"B5P51";"M62CZ1";"HYUNDAI";"I20";"M1";"M1";"1140";"1237";;"119";;;;"petrol";"M";"998";"74";;"";;;;;"1";"2025";"P";"v31";;;;"2025-04-03";"5,2";"EA";"RL-050009-NLH"
"175924606";"DE";"HYUNDAI MOTOR EUROPE";"IP-050662-NLH";"HYUNDAI TURKIYE";"HYUNDAI MOTOR TURKIYE OTOMOTIV AS";;"E5*2007/46*0121*06";"BC3";"B5P51";"M62CZ1";"HYUNDAI";"I20";"M1";"M1";"1140";"1258";;"119";;;;"petrol";"M";"998";"74";;"";;;;;"1";"2025";"P";"v31";;;;"2025-02-06";"5,2";"EA";"RL-050009-NLH"
"175925298";"DE";"HYUNDAI MOTOR EUROPE";"IP-050662-NLH";"HYUNDAI TURKIYE";"HYUNDAI MOTOR TURKIYE OTOMOTIV AS";;"E5*2007/46*0121*06";"BC3";"B5P51";"M62CZ1";"HYUNDAI";"I20";"M1";"M1";"1140";"1256";;"119";;;;"petrol";"M";"998";"74";;"";;;;;"1";"2025";"P";"v31";;;;"2025-01-07";"5,2";"EA";"RL-050009-NLH"
"175926419";"DE";"HYUNDAI MOTOR EUROPE";"IP-050662-NLH";"HYUNDAI TURKIYE";"HYUNDAI MOTOR TURKIYE OTOMOTIV AS";;"E5*2007/46*0121*06";"BC3";"B5P51";"M62CZ1";"HYUNDAI";"I20";"M1";"M1";"1140";"1259";;"119";;;;"petrol";"M";"998";"74";;"";;;;;"1";"2025";"P";"v31";;;;"2025-08-05";"5,3";"EA";"RL-050009-NLH"
"175928228";"DE";"HYUNDAI MOTOR EUROPE";"IP-050662-NLH";"HYUNDAI TURKIYE";"HYUNDAI MOTOR TURKIYE OTOMOTIV AS";;"E5*2007/46*0121*06";"BC3";"B5P51";"M62CZ1";"HYUNDAI";"I20";"M1";"M1";"1140";"1237";;"119";;;;"petrol";"M";"998";"74";;"";;;;;"1";"2025";"P";"v31";;;;"2025-05-05";"5,2";"EA";"RL-050009-NLH"
"175928276";"DE";"HYUNDAI MOTOR EUROPE";"IP-050662-NLH";"HYUNDAI TURKIYE";"HYUNDAI MOTOR TURKIYE OTOMOTIV AS";;"E5*2007/46*0121*06";"BC3";"B5P51";"M62CZ1";"HYUNDAI";"I20";"M1";"M1";"1140";"1258";;"119";;;;"petrol";"M";"998";"74";;"";;;;;"1";"2025";"P";"v31";;;;"2025-03-13";"5,2";"EA";"RL-050009-NLH"
"175930438";"DE";"HYUNDAI MOTOR EUROPE";"IP-050662-NLH";"HYUNDAI TURKIYE";"HYUNDAI MOTOR TURKIYE OTOMOTIV AS";;"E5*2007/46*0121*06";"BC3";"B5P51";"M62CZ1";"HYUNDAI";"I20";"M1";"M1";"1140";"1237";;"119";;;;"petrol";"M";"998";"74";;"";;;;;"1";"2025";"P";"v31";;;;"2025-10-20";"5,2";"EA";"RL-050009-NLH"
"175931744";"DE";"HYUNDAI MOTOR EUROPE";"IP-050662-NLH";"HYUNDAI TURKIYE";"HYUNDAI MOTOR TURKIYE OTOMOTIV AS";;"E5*2007/46*0121*06";"BC3";"B5P51";"M62CZ1";"HYUNDAI";"I20";"M1";"M1";"1140";"1278";;"120";;;;"petrol";"M";"998";"74";;"";;;;;"1";"2025";"P";"v31";;;;"2025-10-14";"5,3";"EA";"RL-050009-NLH"
"175932360";"DE";"HYUNDAI MOTOR EUROPE";"IP-050662-NLH";"HYUNDAI TURKIYE";"HYUNDAI MOTOR TURKIYE OTOMOTIV AS";;"E5*2007/46*0121*06";"BC3";"B5P51";"M62CZ1";"HYUNDAI";"I20";"M1";"M1";"1140";"1254";;"119";;;;"petrol";"M";"998";"74";;"";;;;;"1";"2025";"P";"v31";;;;"2025-07-09";"5,2";"EA";"RL-050009-NLH"
"175934314";"DE";"HYUNDAI MOTOR EUROPE";"IP-050662-NLH";"HYUNDAI TURKIYE";"HYUNDAI MOTOR TURKIYE OTOMOTIV AS";;"E5*2007/46*0121*06";"BC3";"B5P51";"M62CW1";"HYUNDAI";"I20";"M1";"M1";"1140";"1272";;"123";;;;"petrol";"M";"998";"74";;"";;;;;"1";"2025";"P";"v31";;;;"2025-03-26";"5,4";"EA";"RL-050009-NLH"
"175934619";"DE";"HYUNDAI MOTOR EUROPE";"IP-050662-NLH";"HYUNDAI TURKIYE";"HYUNDAI MOTOR TURKIYE OTOMOTIV AS";;"E5*2007/46*0121*06";"BC3";"B5P51";"M62CZ1";"HYUNDAI";"I20";"M1";"M1";"1140";"1254";;"119";;;;"petrol";"M";"998";"74";;"";;;;;"1";"2025";"P";"v31";;;;"2025-05-06";"5,2";"EA";"RL-050009-NLH"
"175936317";"DE";"HYUNDAI MOTOR EUROPE";"IP-050662-NLH";"HYUNDAI TURKIYE";"HYUNDAI MOTOR TURKIYE OTOMOTIV AS";;"E5*2007/46*0121*06";"BC3";"B5P51";"M62CZ1";"HYUNDAI";"I20";"M1";"M1";"1140";"1237";;"119";;;;"petrol";"M";"998";"74";;"";;;;;"1";"2025";"P";"v31";;;;"2025-09-22";"5,2";"EA";"RL-050009-NLH"
"175937212";"DE";"HYUNDAI MOTOR EUROPE";"IP-050662-NLH";"HYUNDAI TURKIYE";"HYUNDAI MOTOR TURKIYE OTOMOTIV AS";;"E5*2007/46*0121*06";"BC3";"B5P51";"M62CZ1";"HYUNDAI";"I20";"M1";"M1";"1140";"1254";;"119";;;;"petrol";"M";"998";"74";;"";;;;;"1";"2025";"P";"v31";;;;"2025-02-20";"5,2";"EA";"RL-050009-NLH"
"175937707";"DE";"HYUNDAI MOTOR EUROPE";"IP-050662-NLH";"HYUNDAI TURKIYE";"HYUNDAI MOTOR TURKIYE OTOMOTIV AS";;"E5*2007/46*0121*06";"BC3";"B5P51";"M62CZ1";"HYUNDAI";"I20";"M1";"M1";"1140";"1259";;"119";;;;"petrol";"M";"998";"74";;"";;;;;"1";"2025";"P";"v31";;;;"2025-05-27";"5,3";"EA";"RL-050009-NLH"
"175939160";"DE";"HYUNDAI MOTOR EUROPE";"IP-050662-NLH";"HYUNDAI TURKIYE";"HYUNDAI MOTOR TURKIYE OTOMOTIV AS";;"E5*2007/46*0121*06";"BC3";"B5P51";"M62CZ1";"HYUNDAI";"I20";"M1";"M1";"1140";"1254";;"119";;;;"petrol";"M";"998";"74";;"";;;;;"1";"2025";"P";"v31";;;;"2025-04-03";"5,2";"EA";"RL-050009-NLH"
"175944420";"DE";"HYUNDAI MOTOR EUROPE";"IP-050662-NLH";"HYUNDAI TURKIYE";"HYUNDAI MOTOR TURKIYE OTOMOTIV AS";;"E5*2007/46*0121*06";"BC3";"B5P51";"M62CZ1";"HYUNDAI";"I20";"M1";"M1";"1140";"1237";;"119";;;;"petrol";"M";"998";"74";;"";;;;;"1";"2025";"P";"v31";;;;"2025-07-11";"5,2";"EA";"RL-050009-NLH"
"175946603";"DE";"HYUNDAI MOTOR EUROPE";"IP-050663-NLH";"HYUNDAI TURKIYE";"HYUNDAI MOTOR TURKIYE OTOMOTIV AS";;"E5*2007/46*0121*06";"BC3";"B5P51";"D71CW1";"HYUNDAI";"I20";"M1";"M1";"1165";"1301";;"126";;;;"petrol";"M";"998";"74";;"";;;;;"1";"2025";"P";"v31";;;;"2025-02-26";"5,5";"EA";"RL-050010-NLH"
"175947556";"DE";"HYUNDAI MOTOR EUROPE";"IP-050662-NLH";"HYUNDAI TURKIYE";"HYUNDAI MOTOR TURKIYE OTOMOTIV AS";;"E5*2007/46*0121*06";"BC3";"B5P51";"M62CZ1";"HYUNDAI";"I20";"M1";"M1";"1140";"1254";;"119";;;;"petrol";"M";"998";"74";;"";;;;;"1";"2025";"P";"v31";;;;"2025-05-12";"5,2";"EA";"RL-050009-NLH"
"175950981";"DE";"HYUNDAI MOTOR EUROPE";"IP-050662-NLH";"HYUNDAI TURKIYE";"HYUNDAI MOTOR TURKIYE OTOMOTIV AS";;"E5*2007/46*0121*06";"BC3";"B5P51";"M62CW1";"HYUNDAI";"I20";"M1";"M1";"1140";"1272";;"123";;;;"petrol";"M";"998";"74";;"";;;;;"1";"2025";"P";"v31";;;;"2025-03-03";"5,4";"EA";"RL-050009-NLH"
"175955878";"DE";"HYUNDAI MOTOR EUROPE";"IP-050662-NLH";"HYUNDAI TURKIYE";"HYUNDAI MOTOR TURKIYE OTOMOTIV AS";;"E5*2007/46*0121*06";"BC3";"B5P51";"M62CZ1";"HYUNDAI";"I20";"M1";"M1";"1140";"1255";;"119";;;;"petrol";"M";"998";"74";;"";;;;;"1";"2025";"P";"v31";;;;"2025-08-29";"5,2";"EA";"RL-050009-NLH"
"175964075";"DE";"HYUNDAI MOTOR EUROPE";"IP-050662-NLH";"HYUNDAI TURKIYE";"HYUNDAI MOTOR TURKIYE OTOMOTIV AS";;"E5*2007/46*0121*06";"BC3";"B5P51";"M62CZ1";"HYUNDAI";"I20";"M1";"M1";"1140";"1257";;"119";;;;"petrol";"M";"998";"74";;"";;;;;"1";"2025";"P";"v31";;;;"2025-04-17";"5,2";"EA";"RL-050009-NLH"
"175965438";"DE";"HYUNDAI MOTOR EUROPE";"IP-050662-NLH";"HYUNDAI TURKIYE";"HYUNDAI MOTOR TURKIYE OTOMOTIV AS";;"E5*2007/46*0121*06";"BC3";"B5P51";"M62CZ1";"HYUNDAI";"I20";"M1";"M1";"1140";"1254";;"119";;;;"petrol";"M";"998";"74";;"";;;;;"1";"2025";"P";"v31";;;;"2025-06-26";"5,2";"EA";"RL-050009-NLH"
"175966471";"DE";"HYUNDAI MOTOR EUROPE";"IP-050662-NLH";"HYUNDAI TURKIYE";"HYUNDAI MOTOR TURKIYE OTOMOTIV AS";;"E5*2007/46*0121*06";"BC3";"B5P51";"M62CZ1";"HYUNDAI";"I20";"M1";"M1";"1140";"1258";;"119";;;;"petrol";"M";"998";"74";;"";;;;;"1";"2025";"P";"v31";;;;"2025-07-25";"5,2";"EA";"RL-050009-NLH"
"175968698";"DE";"HYUNDAI MOTOR EUROPE";"IP-050662-NLH";"HYUNDAI TURKIYE";"HYUNDAI MOTOR TURKIYE OTOMOTIV AS";;"E5*2007/46*0121*06";"BC3";"B5P51";"M62CZ1";"HYUNDAI";"I20";"M1";"M1";"1140";"1256";;"119";;;;"petrol";"M";"998";"74";;"";;;;;"1";"2025";"P";"v31";;;;"2025-05-28";"5,2";"EA";"RL-050009-NLH"
"175968808";"DE";"HYUNDAI MOTOR EUROPE";"IP-050662-NLH";"HYUNDAI TURKIYE";"HYUNDAI MOTOR TURKIYE OTOMOTIV AS";;"E5*2007/46*0121*06";"BC3";"B5P51";"M62CZ1";"HYUNDAI";"I20";"M1";"M1";"1140";"1254";;"119";;;;"petrol";"M";"998";"74";;"";;;;;"1";"2025";"P";"v31";;;;"2025-11-12";"5,2";"EA";"RL-050009-NLH"
"175972560";"DE";"HYUNDAI MOTOR EUROPE";"IP-050662-NLH";"HYUNDAI TURKIYE";"HYUNDAI MOTOR TURKIYE OTOMOTIV AS";;"E5*2007/46*0121*06";"BC3";"B5P51";"M62CZ1";"HYUNDAI";"I20";"M1";"M1";"1140";"1273";;"123";;;;"petrol";"M";"998";"74";;"";;;;;"1";"2025";"P";"v31";;;;"2025-07-21";"5,4";"EA";"RL-050009-NLH"
"175974334";"DE";"HYUNDAI MOTOR EUROPE";"IP-050662-NLH";"HYUNDAI TURKIYE";"HYUNDAI MOTOR TURKIYE OTOMOTIV AS";;"E5*2007/46*0121*06";"BC3";"B5P51";"M62CZ1";"HYUNDAI";"I20";"M1";"M1";"1140";"1273";;"123";;;;"petrol";"M";"998";"74";;"";;;;;"1";"2025";"P";"v31";;;;"2025-10-20";"5,4";"EA";"RL-050009-NLH"
"175974956";"DE";"HYUNDAI MOTOR EUROPE";"IP-050662-NLH";"HYUNDAI TURKIYE";"HYUNDAI MOTOR TURKIYE OTOMOTIV AS";;"E5*2007/46*0121*06";"BC3";"B5P51";"M62CZ1";"HYUNDAI";"I20";"M1";"M1";"1140";"1237";;"119";;;;"petrol";"M";"998";"74";;"";;;;;"1";"2025";"P";"v31";;;;"2025-06-02";"5,2";"EA";"RL-050009-NLH"
"175976659";"DE";"HYUNDAI MOTOR EUROPE";"IP-050662-NLH";"HYUNDAI TURKIYE";"HYUNDAI MOTOR TURKIYE OTOMOTIV AS";;"E5*2007/46*0121*06";"BC3";"B5P51";"M62CZ1";"HYUNDAI";"I20";"M1";"M1";"1140";"1237";;"119";;;;"petrol";"M";"998";"74";;"";;;;;"1";"2025";"P";"v31";;;;"2025-08-07";"5,2";"EA";"RL-050009-NLH"
"175977545";"DE";"HYUNDAI MOTOR EUROPE";"IP-050662-NLH";"HYUNDAI TURKIYE";"HYUNDAI MOTOR TURKIYE OTOMOTIV AS";;"E5*2007/46*0121*06";"BC3";"B5P51";"M62CZ1";"HYUNDAI";"I20";"M1";"M1";"1140";"1273";;"123";;;;"petrol";"M";"998";"74";;"";;;;;"1";"2025";"P";"v31";;;;"2025-04-03";"5,4";"EA";"RL-050009-NLH"
"175979757";"DE";"HYUNDAI MOTOR EUROPE";"IP-050662-NLH";"HYUNDAI TURKIYE";"HYUNDAI MOTOR TURKIYE OTOMOTIV AS";;"E5*2007/46*0121*06";"BC3";"B5P51";"M62CZ1";"HYUNDAI";"I20";"M1";"M1";"1140";"1256";;"119";;;;"petrol";"M";"998";"74";;"";;;;;"1";"2025";"P";"v31";;;;"2025-06-04";"5,2";"EA";"RL-050009-NLH"
"175985786";"DE";"HYUNDAI MOTOR EUROPE";"IP-050662-NLH";"HYUNDAI TURKIYE";"HYUNDAI MOTOR TURKIYE OTOMOTIV AS";;"E5*2007/46*0121*06";"BC3";"B5P51";"M62CW1";"HYUNDAI";"I20";"M1";"M1";"1140";"1272";;"123";;;;"petrol";"M";"998";"74";;"";;;;;"1";"2025";"P";"v31";;;;"2025-02-20";"5,4";"EA";"RL-050009-NLH"
"175986211";"DE";"HYUNDAI MOTOR EUROPE";"IP-050663-NLH";"HYUNDAI TURKIYE";"HYUNDAI MOTOR TURKIYE OTOMOTIV AS";;"E5*2007/46*0121*06";"BC3";"B5P51";"D71CW1";"HYUNDAI";"I20";"M1";"M1";"1165";"1300";;"126";;;;"petrol";"M";"998";"74";;"";;;;;"1";"2025";"P";"v31";;;;"2025-02-28";"5,5";"EA";"RL-050010-NLH"
"175989432";"DE";"HYUNDAI MOTOR EUROPE";"IP-050662-NLH";"HYUNDAI TURKIYE";"HYUNDAI MOTOR TURKIYE OTOMOTIV AS";;"E5*2007/46*0121*06";"BC3";"B5P51";"M62CZ1";"HYUNDAI";"I20";"M1";"M1";"1140";"1254";;"119";;;;"petrol";"M";"998";"74";;"";;;;;"1";"2025";"P";"v31";;;;"2025-11-06";"5,2";"EA";"RL-050009-NLH"
"175990108";"DE";"HYUNDAI MOTOR EUROPE";"IP-050662-NLH";"HYUNDAI TURKIYE";"HYUNDAI MOTOR TURKIYE OTOMOTIV AS";;"E5*2007/46*0121*06";"BC3";"B5P51";"M62CZ1";"HYUNDAI";"I20";"M1";"M1";"1140";"1258";;"119";;;;"petrol";"M";"998";"74";;"";;;;;"1";"2025";"P";"v31";;;;"2025-01-08";"5,2";"EA";"RL-050009-NLH"
"175991332";"DE";"HYUNDAI MOTOR EUROPE";"IP-050662-NLH";"HYUNDAI TURKIYE";"HYUNDAI MOTOR TURKIYE OTOMOTIV AS";;"E5*2007/46*0121*06";"BC3";"B5P51";"M62CZ1";"HYUNDAI";"I20";"M1";"M1";"1140";"1259";;"119";;;;"petrol";"M";"998";"74";;"";;;;;"1";"2025";"P";"v31";;;;"2025-04-28";"5,3";"EA";"RL-050009-NLH"
"175992544";"DE";"HYUNDAI MOTOR EUROPE";"IP-050662-NLH";"HYUNDAI TURKIYE";"HYUNDAI MOTOR TURKIYE OTOMOTIV AS";;"E5*2007/46*0121*06";"BC3";"B5P51";"M62CZ1";"HYUNDAI";"I20";"M1";"M1";"1140";"1259";;"119";;;;"petrol";"M";"998";"74";;"";;;;;"1";"2025";"P";"v31";;;;"2025-05-13";"5,3";"EA";"RL-050009-NLH"
"175998968";"DE";"HYUNDAI MOTOR EUROPE";"IP-050663-NLH";"HYUNDAI TURKIYE";"HYUNDAI MOTOR TURKIYE OTOMOTIV AS";;"E5*2007/46*0121*06";"BC3";"B5P51";"D71CW1";"HYUNDAI";"I20";"M1";"M1";"1165";"1300";;"126";;;;"petrol";"M";"998";"74";;"";;;;;"1";"2025";"P";"v31";;;;"2025-03-06";"5,5";"EA";"RL-050010-NLH"
"176001368";"DE";"HYUNDAI MOTOR EUROPE";"IP-050662-NLH";"HYUNDAI TURKIYE";"HYUNDAI MOTOR TURKIYE OTOMOTIV AS";;"E5*2007/46*0121*06";"BC3";"B5P51";"M62CZ1";"HYUNDAI";"I20";"M1";"M1";"1140";"1258";;"119";;;;"petrol";"M";"998";"74";;"";;;;;"1";"2025";"P";"v31";;;;"2025-07-03";"5,2";"EA";"RL-050009-NLH"
"176002983";"DE";"HYUNDAI MOTOR EUROPE";"IP-050662-NLH";"HYUNDAI TURKIYE";"HYUNDAI MOTOR TURKIYE OTOMOTIV AS";;"E5*2007/46*0121*06";"BC3";"B5P51";"M62CW1";"HYUNDAI";"I20";"M1";"M1";"1140";"1272";;"123";;;;"petrol";"M";"998";"74";;"";;;;;"1";"2025";"P";"v31";;;;"2025-08-14";"5,4";"EA";"RL-050009-NLH"
"176005462";"DE";"HYUNDAI MOTOR EUROPE";"IP-050663-NLH";"HYUNDAI TURKIYE";"HYUNDAI MOTOR TURKIYE OTOMOTIV AS";;"E5*2007/46*0121*06";"BC3";"B5P51";"D71CW1";"HYUNDAI";"I20";"M1";"M1";"1165";"1300";;"126";;;;"petrol";"M";"998";"74";;"";;;;;"1";"2025";"P";"v31";;;;"2025-07-10";"5,5";"EA";"RL-050010-NLH"
"176010009";"DE";"HYUNDAI MOTOR EUROPE";"IP-050662-NLH";"HYUNDAI TURKIYE";"HYUNDAI MOTOR TURKIYE OTOMOTIV AS";;"E5*2007/46*0121*06";"BC3";"B5P51";"M62CZ1";"HYUNDAI";"I20";"M1";"M1";"1140";"1259";;"119";;;;"petrol";"M";"998";"74";;"";;;;;"1";"2025";"P";"v31";;;;"2025-06-06";"5,3";"EA";"RL-050009-NLH"
"176012702";"DE";"HYUNDAI MOTOR EUROPE";"IP-050662-NLH";"HYUNDAI TURKIYE";"HYUNDAI MOTOR TURKIYE OTOMOTIV AS";;"E5*2007/46*0121*06";"BC3";"B5P51";"M62CZ1";"HYUNDAI";"I20";"M1";"M1";"1140";"1273";;"123";;;;"petrol";"M";"998";"74";;"";;;;;"1";"2025";"P";"v31";;;;"2025-02-18";"5,4";"EA";"RL-050009-NLH"
"176012709";"DE";"HYUNDAI MOTOR EUROPE";"IP-050662-NLH";"HYUNDAI TURKIYE";"HYUNDAI MOTOR TURKIYE OTOMOTIV AS";;"E5*2007/46*0121*06";"BC3";"B5P51";"M62CZ1";"HYUNDAI";"I20";"M1";"M1";"1140";"1254";;"119";;;;"petrol";"M";"998";"74";;"";;;;;"1";"2025";"P";"v31";;;;"2025-09-24";"5,2";"EA";"RL-050009-NLH"
"176018017";"DE";"HYUNDAI MOTOR EUROPE";"IP-050662-NLH";"HYUNDAI TURKIYE";"HYUNDAI MOTOR TURKIYE OTOMOTIV AS";;"E5*2007/46*0121*06";"BC3";"B5P51";"M62CZ1";"HYUNDAI";"I20";"M1";"M1";"1140";"1273";;"123";;;;"petrol";"M";"998";"74";;"";;;;;"1";"2025";"P";"v31";;;;"2025-04-22";"5,4";"EA";"RL-050009-NLH"
"176025656";"DE";"HYUNDAI MOTOR EUROPE";"IP-050662-NLH";"HYUNDAI TURKIYE";"HYUNDAI MOTOR TURKIYE OTOMOTIV AS";;"E5*2007/46*0121*06";"BC3";"B5P51";"M62CZ1";"HYUNDAI";"I20";"M1";"M1";"1140";"1237";;"119";;;;"petrol";"M";"998";"74";;"";;;;;"1";"2025";"P";"v31";;;;"2025-07-09";"5,2";"EA";"RL-050009-NLH"
"176026705";"DE";"HYUNDAI MOTOR EUROPE";"IP-050662-NLH";"HYUNDAI TURKIYE";"HYUNDAI MOTOR TURKIYE OTOMOTIV AS";;"E5*2007/46*0121*06";"BC3";"B5P51";"M62CZ1";"HYUNDAI";"I20";"M1";"M1";"1140";"1237";;"119";;;;"petrol";"M";"998";"74";;"";;;;;"1";"2025";"P";"v31";;;;"2025-07-11";"5,2";"EA";"RL-050009-NLH"
"176027077";"DE";"HYUNDAI MOTOR EUROPE";"IP-050662-NLH";"HYUNDAI TURKIYE";"HYUNDAI MOTOR TURKIYE OTOMOTIV AS";;"E5*2007/46*0121*06";"BC3";"B5P51";"M62CZ1";"HYUNDAI";"I20";"M1";"M1";"1140";"1259";;"119";;;;"petrol";"M";"998";"74";;"";;;;;"1";"2025";"P";"v31";;;;"2025-08-05";"5,3";"EA";"RL-050009-NLH"
"176029550";"DE";"HYUNDAI MOTOR EUROPE";"IP-050663-NLH";"HYUNDAI TURKIYE";"HYUNDAI MOTOR TURKIYE OTOMOTIV AS";;"E5*2007/46*0121*06";"BC3";"B5P51";"D71CW1";"HYUNDAI";"I20";"M1";"M1";"1165";"1298";;"126";;;;"petrol";"M";"998";"74";;"";;;;;"1";"2025";"P";"v31";;;;"2025-09-24";"5,5";"EA";"RL-050010-NLH"
"176029777";"DE";"HYUNDAI MOTOR EUROPE";"IP-050662-NLH";"HYUNDAI TURKIYE";"HYUNDAI MOTOR TURKIYE OTOMOTIV AS";;"E5*2007/46*0121*06";"BC3";"B5P51";"M62CZ1";"HYUNDAI";"I20";"M1";"M1";"1140";"1254";;"119";;;;"petrol";"M";"998";"74";;"";;;;;"1";"2025";"P";"v31";;;;"2025-04-04";"5,2";"EA";"RL-050009-NLH"
"176032680";"DE";"HYUNDAI MOTOR EUROPE";"IP-050662-NLH";"HYUNDAI TURKIYE";"HYUNDAI MOTOR TURKIYE OTOMOTIV AS";;"E5*2007/46*0121*06";"BC3";"B5P51";"M62CZ1";"HYUNDAI";"I20";"M1";"M1";"1140";"1258";;"119";;;;"petrol";"M";"998";"74";;"";;;;;"1";"2025";"P";"v31";;;;"2025-10-27";"5,2";"EA";"RL-050009-NLH"
"176033597";"DE";"HYUNDAI MOTOR EUROPE";"IP-050662-NLH";"HYUNDAI TURKIYE";"HYUNDAI MOTOR TURKIYE OTOMOTIV AS";;"E5*2007/46*0121*06";"BC3";"B5P51";"M62CZ1";"HYUNDAI";"I20";"M1";"M1";"1140";"1254";;"119";;;;"petrol";"M";"998";"74";;"";;;;;"1";"2025";"P";"v31";;;;"2025-03-27";"5,2";"EA";"RL-050009-NLH"
"176035853";"DE";"HYUNDAI MOTOR EUROPE";"IP-050662-NLH";"HYUNDAI TURKIYE";"HYUNDAI MOTOR TURKIYE OTOMOTIV AS";;"E5*2007/46*0121*06";"BC3";"B5P51";"M62CZ1";"HYUNDAI";"I20";"M1";"M1";"1140";"1237";;"119";;;;"petrol";"M";"998";"74";;"";;;;;"1";"2025";"P";"v31";;;;"2025-05-15";"5,2";"EA";"RL-050009-NLH"
"176035881";"DE";"HYUNDAI MOTOR EUROPE";"IP-050662-NLH";"HYUNDAI TURKIYE";"HYUNDAI MOTOR TURKIYE OTOMOTIV AS";;"E5*2007/46*0121*06";"BC3";"B5P51";"M62CZ1";"HYUNDAI";"I20";"M1";"M1";"1140";"1254";;"119";;;;"petrol";"M";"998";"74";;"";;;;;"1";"2025";"P";"v31";;;;"2025-02-21";"5,2";"EA";"RL-050009-NLH"
"176038548";"DE";"HYUNDAI MOTOR EUROPE";"IP-050662-NLH";"HYUNDAI TURKIYE";"HYUNDAI MOTOR TURKIYE OTOMOTIV AS";;"E5*2007/46*0121*06";"BC3";"B5P51";"M62CZ1";"HYUNDAI";"I20";"M1";"M1";"1140";"1255";;"119";;;;"petrol";"M";"998";"74";;"";;;;;"1";"2025";"P";"v31";;;;"2025-12-19";"5,2";"EA";"RL-050009-NLH"
"176039670";"DE";"HYUNDAI MOTOR EUROPE";"IP-050662-NLH";"HYUNDAI TURKIYE";"HYUNDAI MOTOR TURKIYE OTOMOTIV AS";;"E5*2007/46*0121*06";"BC3";"B5P51";"M62CZ1";"HYUNDAI";"I20";"M1";"M1";"1140";"1254";;"119";;;;"petrol";"M";"998";"74";;"";;;;;"1";"2025";"P";"v31";;;;"2025-05-28";"5,2";"EA";"RL-050009-NLH"
"176045487";"DE";"HYUNDAI MOTOR EUROPE";"IP-050662-NLH";"HYUNDAI TURKIYE";"HYUNDAI MOTOR TURKIYE OTOMOTIV AS";;"E5*2007/46*0121*06";"BC3";"B5P51";"M62CZ1";"HYUNDAI";"I20";"M1";"M1";"1140";"1254";;"121";;;;"petrol";"M";"998";"74";;"";;;;;"1";"2025";"P";"v31";;;;"2025-03-27";"5,4";"EA";"RL-050009-NLH"
"176045697";"DE";"HYUNDAI MOTOR EUROPE";"IP-050663-NLH";"HYUNDAI TURKIYE";"HYUNDAI MOTOR TURKIYE OTOMOTIV AS";;"E5*2007/46*0121*06";"BC3";"B5P51";"D71CW1";"HYUNDAI";"I20";"M1";"M1";"1165";"1323";;"127";;;;"petrol";"M";"998";"74";;"";;;;;"1";"2025";"P";"v31";;;;"2025-08-28";"5,6";"EA";"RL-050010-NLH"
"176051375";"DE";"HYUNDAI MOTOR EUROPE";"IP-050662-NLH";"HYUNDAI TURKIYE";"HYUNDAI MOTOR TURKIYE OTOMOTIV AS";;"E5*2007/46*0121*06";"BC3";"B5P51";"M62CW1";"HYUNDAI";"I20";"M1";"M1";"1140";"1272";;"123";;;;"petrol";"M";"998";"74";;"";;;;;"1";"2025";"P";"v31";;;;"2025-12-19";"5,4";"EA";"RL-050009-NLH"
"176052419";"DE";"HYUNDAI MOTOR EUROPE";"IP-050662-NLH";"HYUNDAI TURKIYE";"HYUNDAI MOTOR TURKIYE OTOMOTIV AS";;"E5*2007/46*0121*06";"BC3";"B5P51";"M62CZ1";"HYUNDAI";"I20";"M1";"M1";"1140";"1273";;"123";;;;"petrol";"M";"998";"74";;"";;;;;"1";"2025";"P";"v31";;;;"2025-12-22";"5,4";"EA";"RL-050009-NLH"
"176052774";"DE";"HYUNDAI MOTOR EUROPE";"IP-050662-NLH";"HYUNDAI TURKIYE";"HYUNDAI MOTOR TURKIYE OTOMOTIV AS";;"E5*2007/46*0121*06";"BC3";"B5P51";"M62CZ1";"HYUNDAI";"I20";"M1";"M1";"1140";"1254";;"119";;;;"petrol";"M";"998";"74";;"";;;;;"1";"2025";"P";"v31";;;;"2025-08-25";"5,2";"EA";"RL-050009-NLH"
"176052817";"DE";"HYUNDAI MOTOR EUROPE";"IP-050662-NLH";"HYUNDAI TURKIYE";"HYUNDAI MOTOR TURKIYE OTOMOTIV AS";;"E5*2007/46*0121*06";"BC3";"B5P51";"M62CZ1";"HYUNDAI";"I20";"M1";"M1";"1140";"1258";;"119";;;;"petrol";"M";"998";"74";;"";;;;;"1";"2025";"P";"v31";;;;"2025-03-28";"5,2";"EA";"RL-050009-NLH"
"176054338";"DE";"HYUNDAI MOTOR EUROPE";"IP-050662-NLH";"HYUNDAI TURKIYE";"HYUNDAI MOTOR TURKIYE OTOMOTIV AS";;"E5*2007/46*0121*06";"BC3";"B5P51";"M62CZ1";"HYUNDAI";"I20";"M1";"M1";"1140";"1273";;"123";;;;"petrol";"M";"998";"74";;"";;;;;"1";"2025";"P";"v31";;;;"2025-11-20";"5,4";"EA";"RL-050009-NLH"
"176054410";"DE";"HYUNDAI MOTOR EUROPE";"IP-050662-NLH";"HYUNDAI TURKIYE";"HYUNDAI MOTOR TURKIYE OTOMOTIV AS";;"E5*2007/46*0121*06";"BC3";"B5P51";"M62CZ1";"HYUNDAI";"I20";"M1";"M1";"1140";"1258";;"119";;;;"petrol";"M";"998";"74";;"";;;;;"1";"2025";"P";"v31";;;;"2025-06-03";"5,2";"EA";"RL-050009-NLH"
"176054609";"DE";"HYUNDAI MOTOR EUROPE";"IP-050662-NLH";"HYUNDAI TURKIYE";"HYUNDAI MOTOR TURKIYE OTOMOTIV AS";;"E5*2007/46*0121*06";"BC3";"B5P51";"M62CZ1";"HYUNDAI";"I20";"M1";"M1";"1140";"1259";;"119";;;;"petrol";"M";"998";"74";;"";;;;;"1";"2025";"P";"v31";;;;"2025-07-08";"5,3";"EA";"RL-050009-NLH"
"176061000";"DE";"HYUNDAI MOTOR EUROPE";"IP-050662-NLH";"HYUNDAI TURKIYE";"HYUNDAI MOTOR TURKIYE OTOMOTIV AS";;"E5*2007/46*0121*06";"BC3";"B5P51";"M62CZ1";"HYUNDAI";"I20";"M1";"M1";"1140";"1257";;"119";;;;"petrol";"M";"998";"74";;"";;;;;"1";"2025";"P";"v31";;;;"2025-02-28";"5,2";"EA";"RL-050009-NLH"
"176061661";"DE";"HYUNDAI MOTOR EUROPE";"IP-050662-NLH";"HYUNDAI TURKIYE";"HYUNDAI MOTOR TURKIYE OTOMOTIV AS";;"E5*2007/46*0121*06";"BC3";"B5P51";"M62CZ1";"HYUNDAI";"I20";"M1";"M1";"1140";"1258";;"119";;;;"petrol";"M";"998";"74";;"";;;;;"1";"2025";"P";"v31";;;;"2025-03-26";"5,2";"EA";"RL-050009-NLH"
"176066084";"DE";"HYUNDAI MOTOR EUROPE";"IP-050662-NLH";"HYUNDAI TURKIYE";"HYUNDAI MOTOR TURKIYE OTOMOTIV AS";;"E5*2007/46*0121*06";"BC3";"B5P51";"M62CZ1";"HYUNDAI";"I20";"M1";"M1";"1140";"1254";;"119";;;;"petrol";"M";"998";"74";;"";;;;;"1";"2025";"P";"v31";;;;"2025-09-30";"5,2";"EA";"RL-050009-NLH"
"176071144";"DE";"HYUNDAI MOTOR EUROPE";"IP-050663-NLH";"HYUNDAI TURKIYE";"HYUNDAI MOTOR TURKIYE OTOMOTIV AS";;"E5*2007/46*0121*06";"BC3";"B5P51";"D71CW1";"HYUNDAI";"I20";"M1";"M1";"1165";"1298";;"126";;;;"petrol";"M";"998";"74";;"";;;;;"1";"2025";"P";"v31";;;;"2025-08-21";"5,5";"EA";"RL-050010-NLH"
"176073075";"DE";"HYUNDAI MOTOR EUROPE";"IP-050662-NLH";"HYUNDAI TURKIYE";"HYUNDAI MOTOR TURKIYE OTOMOTIV AS";;"E5*2007/46*0121*06";"BC3";"B5P51";"M62CZ1";"HYUNDAI";"I20";"M1";"M1";"1140";"1274";;"120";;;;"petrol";"M";"998";"74";;"";;;;;"1";"2025";"P";"v31";;;;"2025-09-25";"5,3";"EA";"RL-050009-NLH"
"176073382";"DE";"HYUNDAI MOTOR EUROPE";"IP-050662-NLH";"HYUNDAI TURKIYE";"HYUNDAI MOTOR TURKIYE OTOMOTIV AS";;"E5*2007/46*0121*06";"BC3";"B5P51";"M62CZ1";"HYUNDAI";"I20";"M1";"M1";"1140";"1273";;"123";;;;"petrol";"M";"998";"74";;"";;;;;"1";"2025";"P";"v31";;;;"2025-12-17";"5,4";"EA";"RL-050009-NLH"
"176073673";"DE";"HYUNDAI MOTOR EUROPE";"IP-050662-NLH";"HYUNDAI TURKIYE";"HYUNDAI MOTOR TURKIYE OTOMOTIV AS";;"E5*2007/46*0121*06";"BC3";"B5P51";"M62CZ1";"HYUNDAI";"I20";"M1";"M1";"1140";"1237";;"119";;;;"petrol";"M";"998";"74";;"";;;;;"1";"2025";"P";"v31";;;;"2025-07-23";"5,2";"EA";"RL-050009-NLH"
"176074169";"DE";"HYUNDAI MOTOR EUROPE";"IP-050662-NLH";"HYUNDAI TURKIYE";"HYUNDAI MOTOR TURKIYE OTOMOTIV AS";;"E5*2007/46*0121*06";"BC3";"B5P51";"M62CZ1";"HYUNDAI";"I20";"M1";"M1";"1140";"1275";;"120";;;;"petrol";"M";"998";"74";;"";;;;;"1";"2025";"P";"v31";;;;"2025-10-17";"5,3";"EA";"RL-050009-NLH"
"176078964";"DE";"HYUNDAI MOTOR EUROPE";"IP-050662-NLH";"HYUNDAI TURKIYE";"HYUNDAI MOTOR TURKIYE OTOMOTIV AS";;"E5*2007/46*0121*06";"BC3";"B5P51";"M62CZ1";"HYUNDAI";"I20";"M1";"M1";"1140";"1254";;"119";;;;"petrol";"M";"998";"74";;"";;;;;"1";"2025";"P";"v31";;;;"2025-03-13";"5,2";"EA";"RL-050009-NLH"
"176079907";"DE";"HYUNDAI MOTOR EUROPE";"IP-050663-NLH";"HYUNDAI TURKIYE";"HYUNDAI MOTOR TURKIYE OTOMOTIV AS";;"E5*2007/46*0121*06";"BC3";"B5P51";"D71CW1";"HYUNDAI";"I20";"M1";"M1";"1165";"1301";;"126";;;;"petrol";"M";"998";"74";;"";;;;;"1";"2025";"P";"v31";;;;"2025-01-08";"5,5";"EA";"RL-050010-NLH"
"176080294";"DE";"HYUNDAI MOTOR EUROPE";"IP-050662-NLH";"HYUNDAI TURKIYE";"HYUNDAI MOTOR TURKIYE OTOMOTIV AS";;"E5*2007/46*0121*06";"BC3";"B5P51";"M62CZ1";"HYUNDAI";"I20";"M1";"M1";"1140";"1259";;"119";;;;"petrol";"M";"998";"74";;"";;;;;"1";"2025";"P";"v31";;;;"2025-04-10";"5,3";"EA";"RL-050009-NLH"
"176081280";"DE";"HYUNDAI MOTOR EUROPE";"IP-050663-NLH";"HYUNDAI TURKIYE";"HYUNDAI MOTOR TURKIYE OTOMOTIV AS";;"E5*2007/46*0121*06";"BC3";"B5P51";"D71CW1";"HYUNDAI";"I20";"M1";"M1";"1165";"1300";;"126";;;;"petrol";"M";"998";"74";;"";;;;;"1";"2025";"P";"v31";;;;"2025-01-30";"5,5";"EA";"RL-050010-NLH"
"176084132";"DE";"HYUNDAI MOTOR EUROPE";"IP-050662-NLH";"HYUNDAI TURKIYE";"HYUNDAI MOTOR TURKIYE OTOMOTIV AS";;"E5*2007/46*0121*06";"BC3";"B5P51";"M62CZ1";"HYUNDAI";"I20";"M1";"M1";"1140";"1237";;"119";;;;"petrol";"M";"998";"74";;"";;;;;"1";"2025";"P";"v31";;;;"2025-05-05";"5,2";"EA";"RL-050009-NLH"
"176084688";"DE";"HYUNDAI MOTOR EUROPE";"IP-050662-NLH";"HYUNDAI TURKIYE";"HYUNDAI MOTOR TURKIYE OTOMOTIV AS";;"E5*2007/46*0121*06";"BC3";"B5P51";"M62CZ1";"HYUNDAI";"I20";"M1";"M1";"1140";"1254";;"119";;;;"petrol";"M";"998";"74";;"";;;;;"1";"2025";"P";"v31";;;;"2025-03-27";"5,2";"EA";"RL-050009-NLH"
"176084803";"DE";"HYUNDAI MOTOR EUROPE";"IP-050662-NLH";"HYUNDAI TURKIYE";"HYUNDAI MOTOR TURKIYE OTOMOTIV AS";;"E5*2007/46*0121*06";"BC3";"B5P51";"M62CZ1";"HYUNDAI";"I20";"M1";"M1";"1140";"1258";;"119";;;;"petrol";"M";"998";"74";;"";;;;;"1";"2025";"P";"v31";;;;"2025-07-03";"5,2";"EA";"RL-050009-NLH"
"176085647";"DE";"HYUNDAI MOTOR EUROPE";"IP-050662-NLH";"HYUNDAI TURKIYE";"HYUNDAI MOTOR TURKIYE OTOMOTIV AS";;"E5*2007/46*0121*06";"BC3";"B5P51";"M62CZ1";"HYUNDAI";"I20";"M1";"M1";"1140";"1237";;"119";;;;"petrol";"M";"998";"74";;"";;;;;"1";"2025";"P";"v31";;;;"2025-05-05";"5,2";"EA";"RL-050009-NLH"
"176089664";"DE";"HYUNDAI MOTOR EUROPE";"IP-050662-NLH";"HYUNDAI TURKIYE";"HYUNDAI MOTOR TURKIYE OTOMOTIV AS";;"E5*2007/46*0121*06";"BC3";"B5P51";"M62CW1";"HYUNDAI";"I20";"M1";"M1";"1140";"1294";;"124";;;;"petrol";"M";"998";"74";;"";;;;;"1";"2025";"P";"v31";;;;"2025-10-30";"5,5";"EA";"RL-050009-NLH"
"176089737";"DE";"HYUNDAI MOTOR EUROPE";"IP-050662-NLH";"HYUNDAI TURKIYE";"HYUNDAI MOTOR TURKIYE OTOMOTIV AS";;"E5*2007/46*0121*06";"BC3";"B5P51";"M62CZ1";"HYUNDAI";"I20";"M1";"M1";"1140";"1259";;"119";;;;"petrol";"M";"998";"74";;"";;;;;"1";"2025";"P";"v31";;;;"2025-07-29";"5,3";"EA";"RL-050009-NLH"
"176090441";"DE";"HYUNDAI MOTOR EUROPE";"IP-050662-NLH";"HYUNDAI TURKIYE";"HYUNDAI MOTOR TURKIYE OTOMOTIV AS";;"E5*2007/46*0121*06";"BC3";"B5P51";"M62CZ1";"HYUNDAI";"I20";"M1";"M1";"1140";"1259";;"119";;;;"petrol";"M";"998";"74";;"";;;;;"1";"2025";"P";"v31";;;;"2025-12-22";"5,3";"EA";"RL-050009-NLH"
"176092617";"DE";"HYUNDAI MOTOR EUROPE";"IP-050662-NLH";"HYUNDAI TURKIYE";"HYUNDAI MOTOR TURKIYE OTOMOTIV AS";;"E5*2007/46*0121*06";"BC3";"B5P51";"M62CZ1";"HYUNDAI";"I20";"M1";"M1";"1140";"1237";;"119";;;;"petrol";"M";"998";"74";;"";;;;;"1";"2025";"P";"v31";;;;"2025-07-08";"5,2";"EA";"RL-050009-NLH"
"176093029";"DE";"HYUNDAI MOTOR EUROPE";"IP-050662-NLH";"HYUNDAI TURKIYE";"HYUNDAI MOTOR TURKIYE OTOMOTIV AS";;"E5*2007/46*0121*06";"BC3";"B5P51";"M62CZ1";"HYUNDAI";"I20";"M1";"M1";"1140";"1259";;"119";;;;"petrol";"M";"998";"74";;"";;;;;"1";"2025";"P";"v31";;;;"2025-04-11";"5,3";"EA";"RL-050009-NLH"
"176093894";"DE";"HYUNDAI MOTOR EUROPE";"IP-050662-NLH";"HYUNDAI TURKIYE";"HYUNDAI MOTOR TURKIYE OTOMOTIV AS";;"E5*2007/46*0121*06";"BC3";"B5P51";"M62CZ1";"HYUNDAI";"I20";"M1";"M1";"1140";"1255";;"119";;;;"petrol";"M";"998";"74";;"";;;;;"1";"2025";"P";"v31";;;;"2025-07-28";"5,2";"EA";"RL-050009-NLH"
"176094725";"DE";"HYUNDAI MOTOR EUROPE";"IP-050663-NLH";"HYUNDAI TURKIYE";"HYUNDAI MOTOR TURKIYE OTOMOTIV AS";;"E5*2007/46*0121*06";"BC3";"B5P51";"D71CW1";"HYUNDAI";"I20";"M1";"M1";"1165";"1301";;"126";;;;"petrol";"M";"998";"74";;"";;;;;"1";"2025";"P";"v31";;;;"2025-02-27";"5,5";"EA";"RL-050010-NLH"
"176097346";"DE";"HYUNDAI MOTOR EUROPE";"IP-050662-NLH";"HYUNDAI TURKIYE";"HYUNDAI MOTOR TURKIYE OTOMOTIV AS";;"E5*2007/46*0121*06";"BC3";"B5P51";"M62CZ1";"HYUNDAI";"I20";"M1";"M1";"1140";"1254";;"119";;;;"petrol";"M";"998";"74";;"";;;;;"1";"2025";"P";"v31";;;;"2025-10-23";"5,2";"EA";"RL-050009-NLH"
"176097838";"DE";"HYUNDAI MOTOR EUROPE";"IP-050663-NLH";"HYUNDAI TURKIYE";"HYUNDAI MOTOR TURKIYE OTOMOTIV AS";;"E5*2007/46*0121*06";"BC3";"B5P51";"D71CW1";"HYUNDAI";"I20";"M1";"M1";"1165";"1301";;"126";;;;"petrol";"M";"998";"74";;"";;;;;"1";"2025";"P";"v31";;;;"2025-06-04";"5,5";"EA";"RL-050010-NLH"
"176102801";"DE";"HYUNDAI MOTOR EUROPE";"IP-050662-NLH";"HYUNDAI TURKIYE";"HYUNDAI MOTOR TURKIYE OTOMOTIV AS";;"E5*2007/46*0121*06";"BC3";"B5P51";"M62CZ1";"HYUNDAI";"I20";"M1";"M1";"1140";"1259";;"119";;;;"petrol";"M";"998";"74";;"";;;;;"1";"2025";"P";"v31";;;;"2025-10-09";"5,3";"EA";"RL-050009-NLH"
"176105333";"DE";"HYUNDAI MOTOR EUROPE";"IP-050662-NLH";"HYUNDAI TURKIYE";"HYUNDAI MOTOR TURKIYE OTOMOTIV AS";;"E5*2007/46*0121*06";"BC3";"B5P51";"M62CZ1";"HYUNDAI";"I20";"M1";"M1";"1140";"1259";;"119";;;;"petrol";"M";"998";"74";;"";;;;;"1";"2025";"P";"v31";;;;"2025-02-05";"5,3";"EA";"RL-050009-NLH"
"176107664";"DE";"HYUNDAI MOTOR EUROPE";"IP-050662-NLH";"HYUNDAI TURKIYE";"HYUNDAI MOTOR TURKIYE OTOMOTIV AS";;"E5*2007/46*0121*06";"BC3";"B5P51";"M62CZ1";"HYUNDAI";"I20";"M1";"M1";"1140";"1258";;"119";;;;"petrol";"M";"998";"74";;"";;;;;"1";"2025";"P";"v31";;;;"2025-07-03";"5,2";"EA";"RL-050009-NLH"
"176107907";"DE";"HYUNDAI MOTOR EUROPE";"IP-050662-NLH";"HYUNDAI TURKIYE";"HYUNDAI MOTOR TURKIYE OTOMOTIV AS";;"E5*2007/46*0121*06";"BC3";"B5P51";"M62CZ1";"HYUNDAI";"I20";"M1";"M1";"1140";"1273";;"123";;;;"petrol";"M";"998";"74";;"";;;;;"1";"2025";"P";"v31";;;;"2025-12-04";"5,4";"EA";"RL-050009-NLH"
"176108203";"DE";"HYUNDAI MOTOR EUROPE";"IP-050662-NLH";"HYUNDAI TURKIYE";"HYUNDAI MOTOR TURKIYE OTOMOTIV AS";;"E5*2007/46*0121*06";"BC3";"B5P51";"M62CZ1";"HYUNDAI";"I20";"M1";"M1";"1140";"1237";;"119";;;;"petrol";"M";"998";"74";;"";;;;;"1";"2025";"P";"v31";;;;"2025-07-10";"5,2";"EA";"RL-050009-NLH"
"176109579";"DE";"HYUNDAI MOTOR EUROPE";"IP-050663-NLH";"HYUNDAI TURKIYE";"HYUNDAI MOTOR TURKIYE OTOMOTIV AS";;"E5*2007/46*0121*06";"BC3";"B5P51";"D71CW1";"HYUNDAI";"I20";"M1";"M1";"1165";"1301";;"126";;;;"petrol";"M";"998";"74";;"";;;;;"1";"2025";"P";"v31";;;;"2025-03-19";"5,5";"EA";"RL-050010-NLH"
"176110685";"DE";"HYUNDAI MOTOR EUROPE";"IP-050662-NLH";"HYUNDAI TURKIYE";"HYUNDAI MOTOR TURKIYE OTOMOTIV AS";;"E5*2007/46*0121*06";"BC3";"B5P51";"M62CZ1";"HYUNDAI";"I20";"M1";"M1";"1140";"1254";;"119";;;;"petrol";"M";"998";"74";;"";;;;;"1";"2025";"P";"v31";;;;"2025-09-30";"5,2";"EA";"RL-050009-NLH"
"176111859";"DE";"HYUNDAI MOTOR EUROPE";"IP-050662-NLH";"HYUNDAI TURKIYE";"HYUNDAI MOTOR TURKIYE OTOMOTIV AS";;"E5*2007/46*0121*06";"BC3";"B5P51";"M62CZ1";"HYUNDAI";"I20";"M1";"M1";"1140";"1259";;"119";;;;"petrol";"M";"998";"74";;"";;;;;"1";"2025";"P";"v31";;;;"2025-02-05";"5,3";"EA";"RL-050009-NLH"
"176112115";"DE";"HYUNDAI MOTOR EUROPE";"IP-050663-NLH";"HYUNDAI TURKIYE";"HYUNDAI MOTOR TURKIYE OTOMOTIV AS";;"E5*2007/46*0121*06";"BC3";"B5P51";"D71CW1";"HYUNDAI";"I20";"M1";"M1";"1165";"1300";;"126";;;;"petrol";"M";"998";"74";;"";;;;;"1";"2025";"P";"v31";;;;"2025-07-02";"5,5";"EA";"RL-050010-NLH"
"176112413";"DE";"HYUNDAI MOTOR EUROPE";"IP-050663-NLH";"HYUNDAI TURKIYE";"HYUNDAI MOTOR TURKIYE OTOMOTIV AS";;"E5*2007/46*0121*06";"BC3";"B5P51";"D71CW1";"HYUNDAI";"I20";"M1";"M1";"1165";"1300";;"126";;;;"petrol";"M";"998";"74";;"";;;;;"1";"2025";"P";"v31";;;;"2025-12-08";"5,5";"EA";"RL-050010-NLH"
"176113752";"DE";"HYUNDAI MOTOR EUROPE";"IP-050663-NLH";"HYUNDAI TURKIYE";"HYUNDAI MOTOR TURKIYE OTOMOTIV AS";;"E5*2007/46*0121*06";"BC3";"B5P51";"D71CW1";"HYUNDAI";"I20";"M1";"M1";"1165";"1301";;"126";;;;"petrol";"M";"998";"74";;"";;;;;"1";"2025";"P";"v31";;;;"2025-03-14";"5,5";"EA";"RL-050010-NLH"
"176114125";"DE";"HYUNDAI MOTOR EUROPE";"IP-050662-NLH";"HYUNDAI TURKIYE";"HYUNDAI MOTOR TURKIYE OTOMOTIV AS";;"E5*2007/46*0121*06";"BC3";"B5P51";"M62CZ1";"HYUNDAI";"I20";"M1";"M1";"1140";"1259";;"119";;;;"petrol";"M";"998";"74";;"";;;;;"1";"2025";"P";"v31";;;;"2025-09-30";"5,3";"EA";"RL-050009-NLH"
"176116012";"DE";"HYUNDAI MOTOR EUROPE";"IP-050662-NLH";"HYUNDAI TURKIYE";"HYUNDAI MOTOR TURKIYE OTOMOTIV AS";;"E5*2007/46*0121*06";"BC3";"B5P51";"M62CZ1";"HYUNDAI";"I20";"M1";"M1";"1140";"1256";;"119";;;;"petrol";"M";"998";"74";;"";;;;;"1";"2025";"P";"v31";;;;"2025-11-26";"5,2";"EA";"RL-050009-NLH"
"176116088";"DE";"HYUNDAI MOTOR EUROPE";"IP-050662-NLH";"HYUNDAI TURKIYE";"HYUNDAI MOTOR TURKIYE OTOMOTIV AS";;"E5*2007/46*0121*06";"BC3";"B5P51";"M62CZ1";"HYUNDAI";"I20";"M1";"M1";"1140";"1258";;"119";;;;"petrol";"M";"998";"74";;"";;;;;"1";"2025";"P";"v31";;;;"2025-07-31";"5,2";"EA";"RL-050009-NLH"
"176117170";"DE";"HYUNDAI MOTOR EUROPE";"IP-050662-NLH";"HYUNDAI TURKIYE";"HYUNDAI MOTOR TURKIYE OTOMOTIV AS";;"E5*2007/46*0121*06";"BC3";"B5P51";"M62CZ1";"HYUNDAI";"I20";"M1";"M1";"1140";"1258";;"119";;;;"petrol";"M";"998";"74";;"";;;;;"1";"2025";"P";"v31";;;;"2025-09-30";"5,2";"EA";"RL-050009-NLH"
"176120151";"DE";"HYUNDAI MOTOR EUROPE";"IP-050662-NLH";"HYUNDAI TURKIYE";"HYUNDAI MOTOR TURKIYE OTOMOTIV AS";;"E5*2007/46*0121*06";"BC3";"B5P51";"M62CZ1";"HYUNDAI";"I20";"M1";"M1";"1140";"1273";;"123";;;;"petrol";"M";"998";"74";;"";;;;;"1";"2025";"P";"v31";;;;"2025-12-17";"5,4";"EA";"RL-050009-NLH"
"176120330";"DE";"HYUNDAI MOTOR EUROPE";"IP-050662-NLH";"HYUNDAI TURKIYE";"HYUNDAI MOTOR TURKIYE OTOMOTIV AS";;"E5*2007/46*0121*06";"BC3";"B5P51";"M62CW1";"HYUNDAI";"I20";"M1";"M1";"1140";"1275";;"123";;;;"petrol";"M";"998";"74";;"";;;;;"1";"2025";"P";"v31";;;;"2025-03-13";"5,4";"EA";"RL-050009-NLH"
"176121013";"DE";"HYUNDAI MOTOR EUROPE";"IP-050662-NLH";"HYUNDAI TURKIYE";"HYUNDAI MOTOR TURKIYE OTOMOTIV AS";;"E5*2007/46*0121*06";"BC3";"B5P51";"M62CW1";"HYUNDAI";"I20";"M1";"M1";"1140";"1272";;"123";;;;"petrol";"M";"998";"74";;"";;;;;"1";"2025";"P";"v31";;;;"2025-05-12";"5,4";"EA";"RL-050009-NLH"
"176121076";"DE";"HYUNDAI MOTOR EUROPE";"IP-050662-NLH";"HYUNDAI TURKIYE";"HYUNDAI MOTOR TURKIYE OTOMOTIV AS";;"E5*2007/46*0121*06";"BC3";"B5P51";"M62CZ1";"HYUNDAI";"I20";"M1";"M1";"1140";"1254";;"119";;;;"petrol";"M";"998";"74";;"";;;;;"1";"2025";"P";"v31";;;;"2025-03-31";"5,2";"EA";"RL-050009-NLH"
"176125801";"DE";"HYUNDAI MOTOR EUROPE";"IP-050662-NLH";"HYUNDAI TURKIYE";"HYUNDAI MOTOR TURKIYE OTOMOTIV AS";;"E5*2007/46*0121*06";"BC3";"B5P51";"M62CZ1";"HYUNDAI";"I20";"M1";"M1";"1140";"1254";;"119";;;;"petrol";"M";"998";"74";;"";;;;;"1";"2025";"P";"v31";;;;"2025-01-29";"5,2";"EA";"RL-050009-NLH"
"176127171";"DE";"HYUNDAI MOTOR EUROPE";"IP-050662-NLH";"HYUNDAI TURKIYE";"HYUNDAI MOTOR TURKIYE OTOMOTIV AS";;"E5*2007/46*0121*06";"BC3";"B5P51";"M62CW1";"HYUNDAI";"I20";"M1";"M1";"1140";"1275";;"123";;;;"petrol";"M";"998";"74";;"";;;;;"1";"2025";"P";"v31";;;;"2025-02-06";"5,4";"EA";"RL-050009-NLH"
"176127745";"DE";"HYUNDAI MOTOR EUROPE";"IP-050662-NLH";"HYUNDAI TURKIYE";"HYUNDAI MOTOR TURKIYE OTOMOTIV AS";;"E5*2007/46*0121*06";"BC3";"B5P51";"M62CW1";"HYUNDAI";"I20";"M1";"M1";"1140";"1272";;"123";;;;"petrol";"M";"998";"74";;"";;;;;"1";"2025";"P";"v31";;;;"2025-04-28";"5,4";"EA";"RL-050009-NLH"
"176128653";"DE";"HYUNDAI MOTOR EUROPE";"IP-050662-NLH";"HYUNDAI TURKIYE";"HYUNDAI MOTOR TURKIYE OTOMOTIV AS";;"E5*2007/46*0121*06";"BC3";"B5P51";"M62CZ1";"HYUNDAI";"I20";"M1";"M1";"1140";"1256";;"119";;;;"petrol";"M";"998";"74";;"";;;;;"1";"2025";"P";"v31";;;;"2025-08-25";"5,2";"EA";"RL-050009-NLH"
"176132735";"DE";"HYUNDAI MOTOR EUROPE";"IP-050662-NLH";"HYUNDAI TURKIYE";"HYUNDAI MOTOR TURKIYE OTOMOTIV AS";;"E5*2007/46*0121*06";"BC3";"B5P51";"M62CZ1";"HYUNDAI";"I20";"M1";"M1";"1140";"1237";;"119";;;;"petrol";"M";"998";"74";;"";;;;;"1";"2025";"P";"v31";;;;"2025-07-08";"5,2";"EA";"RL-050009-NLH"
"176137414";"DE";"HYUNDAI MOTOR EUROPE";"IP-050662-NLH";"HYUNDAI TURKIYE";"HYUNDAI MOTOR TURKIYE OTOMOTIV AS";;"E5*2007/46*0121*06";"BC3";"B5P51";"M62CZ1";"HYUNDAI";"I20";"M1";"M1";"1140";"1259";;"119";;;;"petrol";"M";"998";"74";;"";;;;;"1";"2025";"P";"v31";;;;"2025-05-15";"5,3";"EA";"RL-050009-NLH"
"176138492";"DE";"HYUNDAI MOTOR EUROPE";"IP-050662-NLH";"HYUNDAI TURKIYE";"HYUNDAI MOTOR TURKIYE OTOMOTIV AS";;"E5*2007/46*0121*06";"BC3";"B5P51";"M62CZ1";"HYUNDAI";"I20";"M1";"M1";"1140";"1256";;"119";;;;"petrol";"M";"998";"74";;"";;;;;"1";"2025";"P";"v31";;;;"2025-02-20";"5,2";"EA";"RL-050009-NLH"
"176138769";"DE";"HYUNDAI MOTOR EUROPE";"IP-050662-NLH";"HYUNDAI TURKIYE";"HYUNDAI MOTOR TURKIYE OTOMOTIV AS";;"E5*2007/46*0121*06";"BC3";"B5P51";"M62CZ1";"HYUNDAI";"I20";"M1";"M1";"1140";"1237";;"119";;;;"petrol";"M";"998";"74";;"";;;;;"1";"2025";"P";"v31";;;;"2025-03-25";"5,2";"EA";"RL-050009-NLH"
"176141925";"DE";"HYUNDAI MOTOR EUROPE";"IP-050662-NLH";"HYUNDAI TURKIYE";"HYUNDAI MOTOR TURKIYE OTOMOTIV AS";;"E5*2007/46*0121*06";"BC3";"B5P51";"M62CZ1";"HYUNDAI";"I20";"M1";"M1";"1140";"1237";;"119";;;;"petrol";"M";"998";"74";;"";;;;;"1";"2025";"P";"v31";;;;"2025-01-27";"5,2";"EA";"RL-050009-NLH"
"176142270";"DE";"HYUNDAI MOTOR EUROPE";"IP-050662-NLH";"HYUNDAI TURKIYE";"HYUNDAI MOTOR TURKIYE OTOMOTIV AS";;"E5*2007/46*0121*06";"BC3";"B5P51";"M62CZ1";"HYUNDAI";"I20";"M1";"M1";"1140";"1237";;"119";;;;"petrol";"M";"998";"74";;"";;;;;"1";"2025";"P";"v31";;;;"2025-10-01";"5,2";"EA";"RL-050009-NLH"
"176143243";"DE";"HYUNDAI MOTOR EUROPE";"IP-050663-NLH";"HYUNDAI TURKIYE";"HYUNDAI MOTOR TURKIYE OTOMOTIV AS";;"E5*2007/46*0121*06";"BC3";"B5P51";"D71CW1";"HYUNDAI";"I20";"M1";"M1";"1165";"1301";;"126";;;;"petrol";"M";"998";"74";;"";;;;;"1";"2025";"P";"v31";;;;"2025-11-28";"5,5";"EA";"RL-050010-NLH"
"176144367";"DE";"HYUNDAI MOTOR EUROPE";"IP-050662-NLH";"HYUNDAI TURKIYE";"HYUNDAI MOTOR TURKIYE OTOMOTIV AS";;"E5*2007/46*0121*06";"BC3";"B5P51";"M62CZ1";"HYUNDAI";"I20";"M1";"M1";"1140";"1258";;"119";;;;"petrol";"M";"998";"74";;"";;;;;"1";"2025";"P";"v31";;;;"2025-03-06";"5,2";"EA";"RL-050009-NLH"
"176145321";"DE";"HYUNDAI MOTOR EUROPE";"IP-050662-NLH";"HYUNDAI TURKIYE";"HYUNDAI MOTOR TURKIYE OTOMOTIV AS";;"E5*2007/46*0121*06";"BC3";"B5P51";"M62CZ1";"HYUNDAI";"I20";"M1";"M1";"1140";"1237";;"119";;;;"petrol";"M";"998";"74";;"";;;;;"1";"2025";"P";"v31";;;;"2025-07-09";"5,2";"EA";"RL-050009-NLH"
"176145600";"DE";"HYUNDAI MOTOR EUROPE";"IP-050662-NLH";"HYUNDAI TURKIYE";"HYUNDAI MOTOR TURKIYE OTOMOTIV AS";;"E5*2007/46*0121*06";"BC3";"B5P51";"M62CZ1";"HYUNDAI";"I20";"M1";"M1";"1140";"1257";;"119";;;;"petrol";"M";"998";"74";;"";;;;;"1";"2025";"P";"v31";;;;"2025-08-28";"5,2";"EA";"RL-050009-NLH"
"176149809";"DE";"HYUNDAI MOTOR EUROPE";"IP-050662-NLH";"HYUNDAI TURKIYE";"HYUNDAI MOTOR TURKIYE OTOMOTIV AS";;"E5*2007/46*0121*06";"BC3";"B5P51";"M62CZ1";"HYUNDAI";"I20";"M1";"M1";"1140";"1254";;"119";;;;"petrol";"M";"998";"74";;"";;;;;"1";"2025";"P";"v31";;;;"2025-06-25";"5,2";"EA";"RL-050009-NLH"
"176152794";"DE";"HYUNDAI MOTOR EUROPE";"IP-050662-NLH";"HYUNDAI TURKIYE";"HYUNDAI MOTOR TURKIYE OTOMOTIV AS";;"E5*2007/46*0121*06";"BC3";"B5P51";"M62CZ1";"HYUNDAI";"I20";"M1";"M1";"1140";"1295";;"124";;;;"petrol";"M";"998";"74";;"";;;;;"1";"2025";"P";"v31";;;;"2025-12-08";"5,4";"EA";"RL-050009-NLH"
"176160834";"DE";"HYUNDAI MOTOR EUROPE";"IP-050662-NLH";"HYUNDAI TURKIYE";"HYUNDAI MOTOR TURKIYE OTOMOTIV AS";;"E5*2007/46*0121*06";"BC3";"B5P51";"M62CZ1";"HYUNDAI";"I20";"M1";"M1";"1140";"1257";;"119";;;;"petrol";"M";"998";"74";;"";;;;;"1";"2025";"P";"v31";;;;"2025-06-20";"5,2";"EA";"RL-050009-NLH"
"176161387";"DE";"HYUNDAI MOTOR EUROPE";"IP-050662-NLH";"HYUNDAI TURKIYE";"HYUNDAI MOTOR TURKIYE OTOMOTIV AS";;"E5*2007/46*0121*06";"BC3";"B5P51";"M62CZ1";"HYUNDAI";"I20";"M1";"M1";"1140";"1237";;"119";;;;"petrol";"M";"998";"74";;"";;;;;"1";"2025";"P";"v31";;;;"2025-07-14";"5,2";"EA";"RL-050009-NLH"
"176163124";"DE";"HYUNDAI MOTOR EUROPE";"IP-050662-NLH";"HYUNDAI TURKIYE";"HYUNDAI MOTOR TURKIYE OTOMOTIV AS";;"E5*2007/46*0121*06";"BC3";"B5P51";"M62CZ1";"HYUNDAI";"I20";"M1";"M1";"1140";"1260";;"119";;;;"petrol";"M";"998";"74";;"";;;;;"1";"2025";"P";"v31";;;;"2025-02-03";"5,3";"EA";"RL-050009-NLH"
"176164657";"DE";"HYUNDAI MOTOR EUROPE";"IP-050662-NLH";"HYUNDAI TURKIYE";"HYUNDAI MOTOR TURKIYE OTOMOTIV AS";;"E5*2007/46*0121*06";"BC3";"B5P51";"M62CZ1";"HYUNDAI";"I20";"M1";"M1";"1140";"1254";;"119";;;;"petrol";"M";"998";"74";;"";;;;;"1";"2025";"P";"v31";;;;"2025-01-22";"5,2";"EA";"RL-050009-NLH"
"176165021";"DE";"HYUNDAI MOTOR EUROPE";"IP-050662-NLH";"HYUNDAI TURKIYE";"HYUNDAI MOTOR TURKIYE OTOMOTIV AS";;"E5*2007/46*0121*06";"BC3";"B5P51";"M62CZ1";"HYUNDAI";"I20";"M1";"M1";"1140";"1237";;"119";;;;"petrol";"M";"998";"74";;"";;;;;"1";"2025";"P";"v31";;;;"2025-12-04";"5,2";"EA";"RL-050009-NLH"
"176170234";"DE";"HYUNDAI MOTOR EUROPE";"IP-050662-NLH";"HYUNDAI TURKIYE";"HYUNDAI MOTOR TURKIYE OTOMOTIV AS";;"E5*2007/46*0121*06";"BC3";"B5P51";"M62CZ1";"HYUNDAI";"I20";"M1";"M1";"1140";"1237";;"119";;;;"petrol";"M";"998";"74";;"";;;;;"1";"2025";"P";"v31";;;;"2025-08-12";"5,2";"EA";"RL-050009-NLH"
"176171714";"DE";"HYUNDAI MOTOR EUROPE";"IP-050662-NLH";"HYUNDAI TURKIYE";"HYUNDAI MOTOR TURKIYE OTOMOTIV AS";;"E5*2007/46*0121*06";"BC3";"B5P51";"M62CZ1";"HYUNDAI";"I20";"M1";"M1";"1140";"1237";;"119";;;;"petrol";"M";"998";"74";;"";;;;;"1";"2025";"P";"v31";;;;"2025-01-21";"5,2";"EA";"RL-050009-NLH"
"176172628";"DE";"HYUNDAI MOTOR EUROPE";"IP-050663-NLH";"HYUNDAI TURKIYE";"HYUNDAI MOTOR TURKIYE OTOMOTIV AS";;"E5*2007/46*0121*06";"BC3";"B5P51";"D71CW1";"HYUNDAI";"I20";"M1";"M1";"1165";"1300";;"126";;;;"petrol";"M";"998";"74";;"";;;;;"1";"2025";"P";"v31";;;;"2025-05-27";"5,5";"EA";"RL-050010-NLH"
"176176160";"DE";"HYUNDAI MOTOR EUROPE";"IP-050663-NLH";"HYUNDAI TURKIYE";"HYUNDAI MOTOR TURKIYE OTOMOTIV AS";;"E5*2007/46*0121*06";"BC3";"B5P51";"D71CW1";"HYUNDAI";"I20";"M1";"M1";"1165";"1298";;"126";;;;"petrol";"M";"998";"74";;"";;;;;"1";"2025";"P";"v31";;;;"2025-09-09";"5,5";"EA";"RL-050010-NLH"
"176180954";"DE";"HYUNDAI MOTOR EUROPE";"IP-050663-NLH";"HYUNDAI TURKIYE";"HYUNDAI MOTOR TURKIYE OTOMOTIV AS";;"E5*2007/46*0121*06";"BC3";"B5P51";"D71CW1";"HYUNDAI";"I20";"M1";"M1";"1165";"1300";;"126";;;;"petrol";"M";"998";"74";;"";;;;;"1";"2025";"P";"v31";;;;"2025-07-22";"5,5";"EA";"RL-050010-NLH"
"176186034";"DE";"HYUNDAI MOTOR EUROPE";"IP-050662-NLH";"HYUNDAI TURKIYE";"HYUNDAI MOTOR TURKIYE OTOMOTIV AS";;"E5*2007/46*0121*06";"BC3";"B5P51";"M62CZ1";"HYUNDAI";"I20";"M1";"M1";"1140";"1258";;"119";;;;"petrol";"M";"998";"74";;"";;;;;"1";"2025";"P";"v31";;;;"2025-07-01";"5,2";"EA";"RL-050009-NLH"
"176188623";"DE";"HYUNDAI MOTOR EUROPE";"IP-050662-NLH";"HYUNDAI TURKIYE";"HYUNDAI MOTOR TURKIYE OTOMOTIV AS";;"E5*2007/46*0121*06";"BC3";"B5P51";"M62CW1";"HYUNDAI";"I20";"M1";"M1";"1140";"1275";;"123";;;;"petrol";"M";"998";"74";;"";;;;;"1";"2025";"P";"v31";;;;"2025-04-16";"5,4";"EA";"RL-050009-NLH"
"176192944";"DE";"HYUNDAI MOTOR EUROPE";"IP-050662-NLH";"HYUNDAI TURKIYE";"HYUNDAI MOTOR TURKIYE OTOMOTIV AS";;"E5*2007/46*0121*06";"BC3";"B5P51";"M62CZ1";"HYUNDAI";"I20";"M1";"M1";"1140";"1254";;"119";;;;"petrol";"M";"998";"74";;"";;;;;"1";"2025";"P";"v31";;;;"2025-09-26";"5,2";"EA";"RL-050009-NLH"
"176199818";"DE";"HYUNDAI MOTOR EUROPE";"IP-050662-NLH";"HYUNDAI TURKIYE";"HYUNDAI MOTOR TURKIYE OTOMOTIV AS";;"E5*2007/46*0121*06";"BC3";"B5P51";"M62CZ1";"HYUNDAI";"I20";"M1";"M1";"1140";"1260";;"119";;;;"petrol";"M";"998";"74";;"";;;;;"1";"2025";"P";"v31";;;;"2025-02-27";"5,3";"EA";"RL-050009-NLH"
"176201617";"DE";"HYUNDAI MOTOR EUROPE";"IP-050662-NLH";"HYUNDAI TURKIYE";"HYUNDAI MOTOR TURKIYE OTOMOTIV AS";;"E5*2007/46*0121*06";"BC3";"B5P51";"M62CZ1";"HYUNDAI";"I20";"M1";"M1";"1140";"1258";;"119";;;;"petrol";"M";"998";"74";;"";;;;;"1";"2025";"P";"v31";;;;"2025-08-05";"5,2";"EA";"RL-050009-NLH"
"176209715";"DE";"HYUNDAI MOTOR EUROPE";"IP-050662-NLH";"HYUNDAI TURKIYE";"HYUNDAI MOTOR TURKIYE OTOMOTIV AS";;"E5*2007/46*0121*06";"BC3";"B5P51";"M62CW1";"HYUNDAI";"I20";"M1";"M1";"1140";"1275";;"123";;;;"petrol";"M";"998";"74";;"";;;;;"1";"2025";"P";"v31";;;;"2025-11-12";"5,4";"EA";"RL-050009-NLH"
"176215821";"DE";"HYUNDAI MOTOR EUROPE";"IP-050662-NLH";"HYUNDAI TURKIYE";"HYUNDAI MOTOR TURKIYE OTOMOTIV AS";;"E5*2007/46*0121*06";"BC3";"B5P51";"M62CZ1";"HYUNDAI";"I20";"M1";"M1";"1140";"1237";;"119";;;;"petrol";"M";"998";"74";;"";;;;;"1";"2025";"P";"v31";;;;"2025-08-13";"5,2";"EA";"RL-050009-NLH"
"176218478";"DE";"HYUNDAI MOTOR EUROPE";"IP-050662-NLH";"HYUNDAI TURKIYE";"HYUNDAI MOTOR TURKIYE OTOMOTIV AS";;"E5*2007/46*0121*06";"BC3";"B5P51";"M62CZ1";"HYUNDAI";"I20";"M1";"M1";"1140";"1254";;"119";;;;"petrol";"M";"998";"74";;"";;;;;"1";"2025";"P";"v31";;;;"2025-12-19";"5,2";"EA";"RL-050009-NLH"
"176225161";"DE";"HYUNDAI MOTOR EUROPE";"IP-050663-NLH";"HYUNDAI TURKIYE";"HYUNDAI MOTOR TURKIYE OTOMOTIV AS";;"E5*2007/46*0121*06";"BC3";"B5P51";"D71CW1";"HYUNDAI";"I20";"M1";"M1";"1165";"1298";;"126";;;;"petrol";"M";"998";"74";;"";;;;;"1";"2025";"P";"v31";;;;"2025-02-06";"5,5";"EA";"RL-050010-NLH"
"176227069";"DE";"HYUNDAI MOTOR EUROPE";"IP-050662-NLH";"HYUNDAI TURKIYE";"HYUNDAI MOTOR TURKIYE OTOMOTIV AS";;"E5*2007/46*0121*06";"BC3";"B5P51";"M62CW1";"HYUNDAI";"I20";"M1";"M1";"1140";"1272";;"123";;;;"petrol";"M";"998";"74";;"";;;;;"1";"2025";"P";"v31";;;;"2025-02-27";"5,4";"EA";"RL-050009-NLH"
"176227779";"DE";"HYUNDAI MOTOR EUROPE";"IP-050662-NLH";"HYUNDAI TURKIYE";"HYUNDAI MOTOR TURKIYE OTOMOTIV AS";;"E5*2007/46*0121*06";"BC3";"B5P51";"M62CZ1";"HYUNDAI";"I20";"M1";"M1";"1140";"1254";;"119";;;;"petrol";"M";"998";"74";;"";;;;;"1";"2025";"P";"v31";;;;"2025-10-21";"5,2";"EA";"RL-050009-NLH"
"176228404";"DE";"HYUNDAI MOTOR EUROPE";"IP-050662-NLH";"HYUNDAI TURKIYE";"HYUNDAI MOTOR TURKIYE OTOMOTIV AS";;"E5*2007/46*0121*06";"BC3";"B5P51";"M62CZ1";"HYUNDAI";"I20";"M1";"M1";"1140";"1255";;"119";;;;"petrol";"M";"998";"74";;"";;;;;"1";"2025";"P";"v31";;;;"2025-10-21";"5,2";"EA";"RL-050009-NLH"
"176228496";"DE";"HYUNDAI MOTOR EUROPE";"IP-050662-NLH";"HYUNDAI TURKIYE";"HYUNDAI MOTOR TURKIYE OTOMOTIV AS";;"E5*2007/46*0121*06";"BC3";"B5P51";"M62CZ1";"HYUNDAI";"I20";"M1";"M1";"1140";"1254";;"119";;;;"petrol";"M";"998";"74";;"";;;;;"1";"2025";"P";"v31";;;;"2025-10-28";"5,2";"EA";"RL-050009-NLH"
"176229032";"DE";"HYUNDAI MOTOR EUROPE";"IP-050662-NLH";"HYUNDAI TURKIYE";"HYUNDAI MOTOR TURKIYE OTOMOTIV AS";;"E5*2007/46*0121*06";"BC3";"B5P51";"M62CZ1";"HYUNDAI";"I20";"M1";"M1";"1140";"1273";;"123";;;;"petrol";"M";"998";"74";;"";;;;;"1";"2025";"P";"v31";;;;"2025-08-26";"5,4";"EA";"RL-050009-NLH"
"176231254";"DE";"HYUNDAI MOTOR EUROPE";"IP-050662-NLH";"HYUNDAI TURKIYE";"HYUNDAI MOTOR TURKIYE OTOMOTIV AS";;"E5*2007/46*0121*06";"BC3";"B5P51";"M62CZ1";"HYUNDAI";"I20";"M1";"M1";"1140";"1273";;"123";;;;"petrol";"M";"998";"74";;"";;;;;"1";"2025";"P";"v31";;;;"2025-07-31";"5,4";"EA";"RL-050009-NLH"
"176231551";"DE";"HYUNDAI MOTOR EUROPE";"IP-050662-NLH";"HYUNDAI TURKIYE";"HYUNDAI MOTOR TURKIYE OTOMOTIV AS";;"E5*2007/46*0121*06";"BC3";"B5P51";"M62CZ1";"HYUNDAI";"I20";"M1";"M1";"1140";"1237";;"119";;;;"petrol";"M";"998";"74";;"";;;;;"1";"2025";"P";"v31";;;;"2025-10-29";"5,2";"EA";"RL-050009-NLH"
"176232036";"DE";"HYUNDAI MOTOR EUROPE";"IP-050662-NLH";"HYUNDAI TURKIYE";"HYUNDAI MOTOR TURKIYE OTOMOTIV AS";;"E5*2007/46*0121*06";"BC3";"B5P51";"M62CZ1";"HYUNDAI";"I20";"M1";"M1";"1140";"1254";;"119";;;;"petrol";"M";"998";"74";;"";;;;;"1";"2025";"P";"v31";;;;"2025-10-30";"5,2";"EA";"RL-050009-NLH"
"176232151";"DE";"HYUNDAI MOTOR EUROPE";"IP-050662-NLH";"HYUNDAI TURKIYE";"HYUNDAI MOTOR TURKIYE OTOMOTIV AS";;"E5*2007/46*0121*06";"BC3";"B5P51";"M62CW1";"HYUNDAI";"I20";"M1";"M1";"1140";"1272";;"123";;;;"petrol";"M";"998";"74";;"";;;;;"1";"2025";"P";"v31";;;;"2025-05-14";"5,4";"EA";"RL-050009-NLH"
"176232929";"DE";"HYUNDAI MOTOR EUROPE";"IP-050662-NLH";"HYUNDAI TURKIYE";"HYUNDAI MOTOR TURKIYE OTOMOTIV AS";;"E5*2007/46*0121*06";"BC3";"B5P51";"M62CZ1";"HYUNDAI";"I20";"M1";"M1";"1140";"1237";;"119";;;;"petrol";"M";"998";"74";;"";;;;;"1";"2025";"P";"v31";;;;"2025-03-28";"5,2";"EA";"RL-050009-NLH"
"176236187";"DE";"HYUNDAI MOTOR EUROPE";"IP-050662-NLH";"HYUNDAI TURKIYE";"HYUNDAI MOTOR TURKIYE OTOMOTIV AS";;"E5*2007/46*0121*06";"BC3";"B5P51";"M62CZ1";"HYUNDAI";"I20";"M1";"M1";"1140";"1237";;"119";;;;"petrol";"M";"998";"74";;"";;;;;"1";"2025";"P";"v31";;;;"2025-03-25";"5,2";"EA";"RL-050009-NLH"
"176236567";"DE";"HYUNDAI MOTOR EUROPE";"IP-050662-NLH";"HYUNDAI TURKIYE";"HYUNDAI MOTOR TURKIYE OTOMOTIV AS";;"E5*2007/46*0121*06";"BC3";"B5P51";"M62CZ1";"HYUNDAI";"I20";"M1";"M1";"1140";"1237";;"119";;;;"petrol";"M";"998";"74";;"";;;;;"1";"2025";"P";"v31";;;;"2025-07-08";"5,2";"EA";"RL-050009-NLH"
"176238727";"DE";"HYUNDAI MOTOR EUROPE";"IP-050663-NLH";"HYUNDAI TURKIYE";"HYUNDAI MOTOR TURKIYE OTOMOTIV AS";;"E5*2007/46*0121*06";"BC3";"B5P51";"D71CW1";"HYUNDAI";"I20";"M1";"M1";"1165";"1300";;"126";;;;"petrol";"M";"998";"74";;"";;;;;"1";"2025";"P";"v31";;;;"2025-04-03";"5,5";"EA";"RL-050010-NLH"
"176239321";"DE";"HYUNDAI MOTOR EUROPE";"IP-050663-NLH";"HYUNDAI TURKIYE";"HYUNDAI MOTOR TURKIYE OTOMOTIV AS";;"E5*2007/46*0121*06";"BC3";"B5P51";"D71CW1";"HYUNDAI";"I20";"M1";"M1";"1165";"1298";;"126";;;;"petrol";"M";"998";"74";;"";;;;;"1";"2025";"P";"v31";;;;"2025-11-04";"5,5";"EA";"RL-050010-NLH"
"176241479";"DE";"HYUNDAI MOTOR EUROPE";"IP-050662-NLH";"HYUNDAI TURKIYE";"HYUNDAI MOTOR TURKIYE OTOMOTIV AS";;"E5*2007/46*0121*06";"BC3";"B5P51";"M62CZ1";"HYUNDAI";"I20";"M1";"M1";"1140";"1254";;"119";;;;"petrol";"M";"998";"74";;"";;;;;"1";"2025";"P";"v31";;;;"2025-03-31";"5,2";"EA";"RL-050009-NLH"
"176241787";"DE";"HYUNDAI MOTOR EUROPE";"IP-050662-NLH";"HYUNDAI TURKIYE";"HYUNDAI MOTOR TURKIYE OTOMOTIV AS";;"E5*2007/46*0121*06";"BC3";"B5P51";"M62CZ1";"HYUNDAI";"I20";"M1";"M1";"1140";"1259";;"119";;;;"petrol";"M";"998";"74";;"";;;;;"1";"2025";"P";"v31";;;;"2025-03-26";"5,3";"EA";"RL-050009-NLH"
"176242153";"DE";"HYUNDAI MOTOR EUROPE";"IP-050662-NLH";"HYUNDAI TURKIYE";"HYUNDAI MOTOR TURKIYE OTOMOTIV AS";;"E5*2007/46*0121*06";"BC3";"B5P51";"M62CZ1";"HYUNDAI";"I20";"M1";"M1";"1140";"1254";;"119";;;;"petrol";"M";"998";"74";;"";;;;;"1";"2025";"P";"v31";;;;"2025-02-21";"5,2";"EA";"RL-050009-NLH"
"176242194";"DE";"HYUNDAI MOTOR EUROPE";"IP-050662-NLH";"HYUNDAI TURKIYE";"HYUNDAI MOTOR TURKIYE OTOMOTIV AS";;"E5*2007/46*0121*06";"BC3";"B5P51";"M62CZ1";"HYUNDAI";"I20";"M1";"M1";"1140";"1254";;"119";;;;"petrol";"M";"998";"74";;"";;;;;"1";"2025";"P";"v31";;;;"2025-09-08";"5,2";"EA";"RL-050009-NLH"
"176246542";"DE";"HYUNDAI MOTOR EUROPE";"IP-050663-NLH";"HYUNDAI TURKIYE";"HYUNDAI MOTOR TURKIYE OTOMOTIV AS";;"E5*2007/46*0121*06";"BC3";"B5P51";"D71CW1";"HYUNDAI";"I20";"M1";"M1";"1165";"1298";;"126";;;;"petrol";"M";"998";"74";;"";;;;;"1";"2025";"P";"v31";;;;"2025-12-01";"5,5";"EA";"RL-050010-NLH"
"176247760";"DE";"HYUNDAI MOTOR EUROPE";"IP-050662-NLH";"HYUNDAI TURKIYE";"HYUNDAI MOTOR TURKIYE OTOMOTIV AS";;"E5*2007/46*0121*06";"BC3";"B5P51";"M62CZ1";"HYUNDAI";"I20";"M1";"M1";"1140";"1256";;"119";;;;"petrol";"M";"998";"74";;"";;;;;"1";"2025";"P";"v31";;;;"2025-01-30";"5,2";"EA";"RL-050009-NLH"
"176251974";"DE";"HYUNDAI MOTOR EUROPE";"IP-050662-NLH";"HYUNDAI TURKIYE";"HYUNDAI MOTOR TURKIYE OTOMOTIV AS";;"E5*2007/46*0121*06";"BC3";"B5P51";"M62CZ1";"HYUNDAI";"I20";"M1";"M1";"1140";"1237";;"119";;;;"petrol";"M";"998";"74";;"";;;;;"1";"2025";"P";"v31";;;;"2025-06-02";"5,2";"EA";"RL-050009-NLH"
"176253666";"DE";"HYUNDAI MOTOR EUROPE";"IP-050662-NLH";"HYUNDAI TURKIYE";"HYUNDAI MOTOR TURKIYE OTOMOTIV AS";;"E5*2007/46*0121*06";"BC3";"B5P51";"M62CZ1";"HYUNDAI";"I20";"M1";"M1";"1140";"1256";;"119";;;;"petrol";"M";"998";"74";;"";;;;;"1";"2025";"P";"v31";;;;"2025-04-01";"5,2";"EA";"RL-050009-NLH"
"176253857";"DE";"HYUNDAI MOTOR EUROPE";"IP-050662-NLH";"HYUNDAI TURKIYE";"HYUNDAI MOTOR TURKIYE OTOMOTIV AS";;"E5*2007/46*0121*06";"BC3";"B5P51";"M62CZ1";"HYUNDAI";"I20";"M1";"M1";"1140";"1256";;"119";;;;"petrol";"M";"998";"74";;"";;;;;"1";"2025";"P";"v31";;;;"2025-01-02";"5,2";"EA";"RL-050009-NLH"
"176256509";"DE";"HYUNDAI MOTOR EUROPE";"IP-050663-NLH";"HYUNDAI TURKIYE";"HYUNDAI MOTOR TURKIYE OTOMOTIV AS";;"E5*2007/46*0121*06";"BC3";"B5P51";"D71CW1";"HYUNDAI";"I20";"M1";"M1";"1165";"1300";;"126";;;;"petrol";"M";"998";"74";;"";;;;;"1";"2025";"P";"v31";;;;"2025-02-26";"5,5";"EA";"RL-050010-NLH"
"176263640";"DE";"HYUNDAI MOTOR EUROPE";"IP-050662-NLH";"HYUNDAI TURKIYE";"HYUNDAI MOTOR TURKIYE OTOMOTIV AS";;"E5*2007/46*0121*06";"BC3";"B5P51";"M62CZ1";"HYUNDAI";"I20";"M1";"M1";"1140";"1237";;"119";;;;"petrol";"M";"998";"74";;"";;;;;"1";"2025";"P";"v31";;;;"2025-01-07";"5,2";"EA";"RL-050009-NLH"
"176265245";"DE";"HYUNDAI MOTOR EUROPE";"IP-050662-NLH";"HYUNDAI TURKIYE";"HYUNDAI MOTOR TURKIYE OTOMOTIV AS";;"E5*2007/46*0121*06";"BC3";"B5P51";"M62CZ1";"HYUNDAI";"I20";"M1";"M1";"1140";"1259";;"119";;;;"petrol";"M";"998";"74";;"";;;;;"1";"2025";"P";"v31";;;;"2025-05-05";"5,3";"EA";"RL-050009-NLH"
"176269813";"DE";"HYUNDAI MOTOR EUROPE";"IP-050662-NLH";"HYUNDAI TURKIYE";"HYUNDAI MOTOR TURKIYE OTOMOTIV AS";;"E5*2007/46*0121*06";"BC3";"B5P51";"M62CZ1";"HYUNDAI";"I20";"M1";"M1";"1140";"1256";;"119";;;;"petrol";"M";"998";"74";;"";;;;;"1";"2025";"P";"v31";;;;"2025-02-05";"5,2";"EA";"RL-050009-NLH"
"176271184";"DE";"HYUNDAI MOTOR EUROPE";"IP-050662-NLH";"HYUNDAI TURKIYE";"HYUNDAI MOTOR TURKIYE OTOMOTIV AS";;"E5*2007/46*0121*06";"BC3";"B5P51";"M62CZ1";"HYUNDAI";"I20";"M1";"M1";"1140";"1256";;"119";;;;"petrol";"M";"998";"74";;"";;;;;"1";"2025";"P";"v31";;;;"2025-08-28";"5,2";"EA";"RL-050009-NLH"
"176271597";"DE";"HYUNDAI MOTOR EUROPE";"IP-050662-NLH";"HYUNDAI TURKIYE";"HYUNDAI MOTOR TURKIYE OTOMOTIV AS";;"E5*2007/46*0121*06";"BC3";"B5P51";"M62CZ1";"HYUNDAI";"I20";"M1";"M1";"1140";"1254";;"119";;;;"petrol";"M";"998";"74";;"";;;;;"1";"2025";"P";"v31";;;;"2025-10-30";"5,2";"EA";"RL-050009-NLH"
"176275409";"DE";"HYUNDAI MOTOR EUROPE";"IP-050662-NLH";"HYUNDAI TURKIYE";"HYUNDAI MOTOR TURKIYE OTOMOTIV AS";;"E5*2007/46*0121*06";"BC3";"B5P51";"M62CZ1";"HYUNDAI";"I20";"M1";"M1";"1140";"1237";;"119";;;;"petrol";"M";"998";"74";;"";;;;;"1";"2025";"P";"v31";;;;"2025-07-08";"5,2";"EA";"RL-050009-NLH"
"176280477";"DE";"HYUNDAI MOTOR EUROPE";"IP-050662-NLH";"HYUNDAI TURKIYE";"HYUNDAI MOTOR TURKIYE OTOMOTIV AS";;"E5*2007/46*0121*06";"BC3";"B5P51";"M62CZ1";"HYUNDAI";"I20";"M1";"M1";"1140";"1273";;"123";;;;"petrol";"M";"998";"74";;"";;;;;"1";"2025";"P";"v31";;;;"2025-08-26";"5,4";"EA";"RL-050009-NLH"
"176285386";"DE";"HYUNDAI MOTOR EUROPE";"IP-050662-NLH";"HYUNDAI TURKIYE";"HYUNDAI MOTOR TURKIYE OTOMOTIV AS";;"E5*2007/46*0121*06";"BC3";"B5P51";"M62CZ1";"HYUNDAI";"I20";"M1";"M1";"1140";"1254";;"119";;;;"petrol";"M";"998";"74";;"";;;;;"1";"2025";"P";"v31";;;;"2025-05-05";"5,2";"EA";"RL-050009-NLH"
"176288780";"DE";"HYUNDAI MOTOR EUROPE";"IP-050662-NLH";"HYUNDAI TURKIYE";"HYUNDAI MOTOR TURKIYE OTOMOTIV AS";;"E5*2007/46*0121*06";"BC3";"B5P51";"M62CZ1";"HYUNDAI";"I20";"M1";"M1";"1140";"1254";;"119";;;;"petrol";"M";"998";"74";;"";;;;;"1";"2025";"P";"v31";;;;"2025-12-02";"5,2";"EA";"RL-050009-NLH"
"176292115";"DE";"HYUNDAI MOTOR EUROPE";"IP-050662-NLH";"HYUNDAI TURKIYE";"HYUNDAI MOTOR TURKIYE OTOMOTIV AS";;"E5*2007/46*0121*06";"BC3";"B5P51";"M62CZ1";"HYUNDAI";"I20";"M1";"M1";"1140";"1237";;"119";;;;"petrol";"M";"998";"74";;"";;;;;"1";"2025";"P";"v31";;;;"2025-07-09";"5,2";"EA";"RL-050009-NLH"
"176295659";"DE";"HYUNDAI MOTOR EUROPE";"IP-050662-NLH";"HYUNDAI TURKIYE";"HYUNDAI MOTOR TURKIYE OTOMOTIV AS";;"E5*2007/46*0121*06";"BC3";"B5P51";"M62CZ1";"HYUNDAI";"I20";"M1";"M1";"1140";"1254";;"119";;;;"petrol";"M";"998";"74";;"";;;;;"1";"2025";"P";"v31";;;;"2025-07-24";"5,2";"EA";"RL-050009-NLH"
"176297243";"DE";"HYUNDAI MOTOR EUROPE";"IP-050662-NLH";"HYUNDAI TURKIYE";"HYUNDAI MOTOR TURKIYE OTOMOTIV AS";;"E5*2007/46*0121*06";"BC3";"B5P51";"M62CZ1";"HYUNDAI";"I20";"M1";"M1";"1140";"1237";;"119";;;;"petrol";"M";"998";"74";;"";;;;;"1";"2025";"P";"v31";;;;"2025-03-25";"5,2";"EA";"RL-050009-NLH"
"176300898";"DE";"HYUNDAI MOTOR EUROPE";"IP-050662-NLH";"HYUNDAI TURKIYE";"HYUNDAI MOTOR TURKIYE OTOMOTIV AS";;"E5*2007/46*0121*06";"BC3";"B5P51";"M62CZ1";"HYUNDAI";"I20";"M1";"M1";"1140";"1237";;"119";;;;"petrol";"M";"998";"74";;"";;;;;"1";"2025";"P";"v31";;;;"2025-04-30";"5,2";"EA";"RL-050009-NLH"
"176303161";"DE";"HYUNDAI MOTOR EUROPE";"IP-050662-NLH";"HYUNDAI TURKIYE";"HYUNDAI MOTOR TURKIYE OTOMOTIV AS";;"E5*2007/46*0121*06";"BC3";"B5P51";"M62CZ1";"HYUNDAI";"I20";"M1";"M1";"1140";"1273";;"123";;;;"petrol";"M";"998";"74";;"";;;;;"1";"2025";"P";"v31";;;;"2025-04-28";"5,4";"EA";"RL-050009-NLH"
"176305860";"DE";"HYUNDAI MOTOR EUROPE";"IP-050662-NLH";"HYUNDAI TURKIYE";"HYUNDAI MOTOR TURKIYE OTOMOTIV AS";;"E5*2007/46*0121*06";"BC3";"B5P51";"M62CZ1";"HYUNDAI";"I20";"M1";"M1";"1140";"1259";;"119";;;;"petrol";"M";"998";"74";;"";;;;;"1";"2025";"P";"v31";;;;"2025-07-28";"5,3";"EA";"RL-050009-NLH"
"176306020";"DE";"HYUNDAI MOTOR EUROPE";"IP-050662-NLH";"HYUNDAI TURKIYE";"HYUNDAI MOTOR TURKIYE OTOMOTIV AS";;"E5*2007/46*0121*06";"BC3";"B5P51";"M62CZ1";"HYUNDAI";"I20";"M1";"M1";"1140";"1237";;"119";;;;"petrol";"M";"998";"74";;"";;;;;"1";"2025";"P";"v31";;;;"2025-10-10";"5,2";"EA";"RL-050009-NLH"
"176307953";"DE";"HYUNDAI MOTOR EUROPE";"IP-050662-NLH";"HYUNDAI TURKIYE";"HYUNDAI MOTOR TURKIYE OTOMOTIV AS";;"E5*2007/46*0121*06";"BC3";"B5P51";"M62CZ1";"HYUNDAI";"I20";"M1";"M1";"1140";"1258";;"119";;;;"petrol";"M";"998";"74";;"";;;;;"1";"2025";"P";"v31";;;;"2025-09-03";"5,2";"EA";"RL-050009-NLH"
"176317020";"DE";"HYUNDAI MOTOR EUROPE";"IP-050663-NLH";"HYUNDAI TURKIYE";"HYUNDAI MOTOR TURKIYE OTOMOTIV AS";;"E5*2007/46*0121*06";"BC3";"B5P51";"D71CW1";"HYUNDAI";"I20";"M1";"M1";"1165";"1301";;"126";;;;"petrol";"M";"998";"74";;"";;;;;"1";"2025";"P";"v31";;;;"2025-03-12";"5,5";"EA";"RL-050010-NLH"
"176318445";"DE";"HYUNDAI MOTOR EUROPE";"IP-050662-NLH";"HYUNDAI TURKIYE";"HYUNDAI MOTOR TURKIYE OTOMOTIV AS";;"E5*2007/46*0121*06";"BC3";"B5P51";"M62CZ1";"HYUNDAI";"I20";"M1";"M1";"1140";"1254";;"119";;;;"petrol";"M";"998";"74";;"";;;;;"1";"2025";"P";"v31";;;;"2025-03-04";"5,2";"EA";"RL-050009-NLH"
"176318949";"DE";"HYUNDAI MOTOR EUROPE";"IP-050662-NLH";"HYUNDAI TURKIYE";"HYUNDAI MOTOR TURKIYE OTOMOTIV AS";;"E5*2007/46*0121*06";"BC3";"B5P51";"M62CZ1";"HYUNDAI";"I20";"M1";"M1";"1140";"1237";;"119";;;;"petrol";"M";"998";"74";;"";;;;;"1";"2025";"P";"v31";;;;"2025-03-24";"5,2";"EA";"RL-050009-NLH"
"176321250";"DE";"HYUNDAI MOTOR EUROPE";"IP-050662-NLH";"HYUNDAI TURKIYE";"HYUNDAI MOTOR TURKIYE OTOMOTIV AS";;"E5*2007/46*0121*06";"BC3";"B5P51";"M62CZ1";"HYUNDAI";"I20";"M1";"M1";"1140";"1237";;"119";;;;"petrol";"M";"998";"74";;"";;;;;"1";"2025";"P";"v31";;;;"2025-03-25";"5,2";"EA";"RL-050009-NLH"
"176325828";"DE";"HYUNDAI MOTOR EUROPE";"IP-050662-NLH";"HYUNDAI TURKIYE";"HYUNDAI MOTOR TURKIYE OTOMOTIV AS";;"E5*2007/46*0121*06";"BC3";"B5P51";"M62CZ1";"HYUNDAI";"I20";"M1";"M1";"1140";"1254";;"119";;;;"petrol";"M";"998";"74";;"";;;;;"1";"2025";"P";"v31";;;;"2025-08-29";"5,2";"EA";"RL-050009-NLH"
"176326125";"DE";"HYUNDAI MOTOR EUROPE";"IP-050662-NLH";"HYUNDAI TURKIYE";"HYUNDAI MOTOR TURKIYE OTOMOTIV AS";;"E5*2007/46*0121*06";"BC3";"B5P51";"M62CZ1";"HYUNDAI";"I20";"M1";"M1";"1140";"1259";;"119";;;;"petrol";"M";"998";"74";;"";;;;;"1";"2025";"P";"v31";;;;"2025-07-23";"5,3";"EA";"RL-050009-NLH"
"176326613";"DE";"HYUNDAI MOTOR EUROPE";"IP-050663-NLH";"HYUNDAI TURKIYE";"HYUNDAI MOTOR TURKIYE OTOMOTIV AS";;"E5*2007/46*0121*06";"BC3";"B5P51";"D71CW1";"HYUNDAI";"I20";"M1";"M1";"1165";"1300";;"126";;;;"petrol";"M";"998";"74";;"";;;;;"1";"2025";"P";"v31";;;;"2025-05-02";"5,5";"EA";"RL-050010-NLH"
"176326810";"DE";"HYUNDAI MOTOR EUROPE";"IP-050662-NLH";"HYUNDAI TURKIYE";"HYUNDAI MOTOR TURKIYE OTOMOTIV AS";;"E5*2007/46*0121*06";"BC3";"B5P51";"M62CZ1";"HYUNDAI";"I20";"M1";"M1";"1140";"1254";;"119";;;;"petrol";"M";"998";"74";;"";;;;;"1";"2025";"P";"v31";;;;"2025-12-15";"5,2";"EA";"RL-050009-NLH"
"176327025";"DE";"HYUNDAI MOTOR EUROPE";"IP-050663-NLH";"HYUNDAI TURKIYE";"HYUNDAI MOTOR TURKIYE OTOMOTIV AS";;"E5*2007/46*0121*06";"BC3";"B5P51";"D71CW1";"HYUNDAI";"I20";"M1";"M1";"1165";"1300";;"126";;;;"petrol";"M";"998";"74";;"";;;;;"1";"2025";"P";"v31";;;;"2025-04-02";"5,5";"EA";"RL-050010-NLH"
"176330067";"DE";"HYUNDAI MOTOR EUROPE";"IP-050662-NLH";"HYUNDAI TURKIYE";"HYUNDAI MOTOR TURKIYE OTOMOTIV AS";;"E5*2007/46*0121*06";"BC3";"B5P51";"M62CZ1";"HYUNDAI";"I20";"M1";"M1";"1140";"1254";;"119";;;;"petrol";"M";"998";"74";;"";;;;;"1";"2025";"P";"v31";;;;"2025-06-24";"5,2";"EA";"RL-050009-NLH"
"176331996";"DE";"HYUNDAI MOTOR EUROPE";"IP-050662-NLH";"HYUNDAI TURKIYE";"HYUNDAI MOTOR TURKIYE OTOMOTIV AS";;"E5*2007/46*0121*06";"BC3";"B5P51";"M62CZ1";"HYUNDAI";"I20";"M1";"M1";"1140";"1254";;"119";;;;"petrol";"M";"998";"74";;"";;;;;"1";"2025";"P";"v31";;;;"2025-06-02";"5,2";"EA";"RL-050009-NLH"
"176332418";"DE";"HYUNDAI MOTOR EUROPE";"IP-050663-NLH";"HYUNDAI TURKIYE";"HYUNDAI MOTOR TURKIYE OTOMOTIV AS";;"E5*2007/46*0121*06";"BC3";"B5P51";"D71CW1";"HYUNDAI";"I20";"M1";"M1";"1165";"1301";;"126";;;;"petrol";"M";"998";"74";;"";;;;;"1";"2025";"P";"v31";;;;"2025-08-22";"5,5";"EA";"RL-050010-NLH"
"176336351";"DE";"HYUNDAI MOTOR EUROPE";"IP-050663-NLH";"HYUNDAI TURKIYE";"HYUNDAI MOTOR TURKIYE OTOMOTIV AS";;"E5*2007/46*0121*06";"BC3";"B5P51";"D71CW1";"HYUNDAI";"I20";"M1";"M1";"1165";"1298";;"126";;;;"petrol";"M";"998";"74";;"";;;;;"1";"2025";"P";"v31";;;;"2025-07-14";"5,5";"EA";"RL-050010-NLH"
"176339038";"DE";"HYUNDAI MOTOR EUROPE";"IP-050662-NLH";"HYUNDAI TURKIYE";"HYUNDAI MOTOR TURKIYE OTOMOTIV AS";;"E5*2007/46*0121*06";"BC3";"B5P51";"M62CZ1";"HYUNDAI";"I20";"M1";"M1";"1140";"1256";;"119";;;;"petrol";"M";"998";"74";;"";;;;;"1";"2025";"P";"v31";;;;"2025-06-26";"5,2";"EA";"RL-050009-NLH"
"176339380";"DE";"HYUNDAI MOTOR EUROPE";"IP-050662-NLH";"HYUNDAI TURKIYE";"HYUNDAI MOTOR TURKIYE OTOMOTIV AS";;"E5*2007/46*0121*06";"BC3";"B5P51";"M62CZ1";"HYUNDAI";"I20";"M1";"M1";"1140";"1259";;"119";;;;"petrol";"M";"998";"74";;"";;;;;"1";"2025";"P";"v31";;;;"2025-04-25";"5,3";"EA";"RL-050009-NLH"
"176342907";"DE";"HYUNDAI MOTOR EUROPE";"IP-050662-NLH";"HYUNDAI TURKIYE";"HYUNDAI MOTOR TURKIYE OTOMOTIV AS";;"E5*2007/46*0121*06";"BC3";"B5P51";"M62CZ1";"HYUNDAI";"I20";"M1";"M1";"1140";"1237";;"119";;;;"petrol";"M";"998";"74";;"";;;;;"1";"2025";"P";"v31";;;;"2025-03-28";"5,2";"EA";"RL-050009-NLH"
"176344466";"DE";"HYUNDAI MOTOR EUROPE";"IP-050662-NLH";"HYUNDAI TURKIYE";"HYUNDAI MOTOR TURKIYE OTOMOTIV AS";;"E5*2007/46*0121*06";"BC3";"B5P51";"M62CZ1";"HYUNDAI";"I20";"M1";"M1";"1140";"1257";;"119";;;;"petrol";"M";"998";"74";;"";;;;;"1";"2025";"P";"v31";;;;"2025-10-28";"5,2";"EA";"RL-050009-NLH"
"176348339";"DE";"HYUNDAI MOTOR EUROPE";"IP-050662-NLH";"HYUNDAI TURKIYE";"HYUNDAI MOTOR TURKIYE OTOMOTIV AS";;"E5*2007/46*0121*06";"BC3";"B5P51";"M62CW1";"HYUNDAI";"I20";"M1";"M1";"1140";"1275";;"123";;;;"petrol";"M";"998";"74";;"";;;;;"1";"2025";"P";"v31";;;;"2025-07-30";"5,4";"EA";"RL-050009-NLH"
"176349546";"DE";"HYUNDAI MOTOR EUROPE";"IP-050662-NLH";"HYUNDAI TURKIYE";"HYUNDAI MOTOR TURKIYE OTOMOTIV AS";;"E5*2007/46*0121*06";"BC3";"B5P51";"M62CZ1";"HYUNDAI";"I20";"M1";"M1";"1140";"1273";;"123";;;;"petrol";"M";"998";"74";;"";;;;;"1";"2025";"P";"v31";;;;"2025-11-21";"5,4";"EA";"RL-050009-NLH"
"176354085";"DE";"HYUNDAI MOTOR EUROPE";"IP-050662-NLH";"HYUNDAI TURKIYE";"HYUNDAI MOTOR TURKIYE OTOMOTIV AS";;"E5*2007/46*0121*06";"BC3";"B5P51";"M62CZ1";"HYUNDAI";"I20";"M1";"M1";"1140";"1259";;"119";;;;"petrol";"M";"998";"74";;"";;;;;"1";"2025";"P";"v31";;;;"2025-02-05";"5,3";"EA";"RL-050009-NLH"
"176354482";"DE";"HYUNDAI MOTOR EUROPE";"IP-050662-NLH";"HYUNDAI TURKIYE";"HYUNDAI MOTOR TURKIYE OTOMOTIV AS";;"E5*2007/46*0121*06";"BC3";"B5P51";"M62CZ1";"HYUNDAI";"I20";"M1";"M1";"1140";"1254";;"119";;;;"petrol";"M";"998";"74";;"";;;;;"1";"2025";"P";"v31";;;;"2025-11-26";"5,2";"EA";"RL-050009-NLH"
"176355982";"DE";"HYUNDAI MOTOR EUROPE";"IP-050662-NLH";"HYUNDAI TURKIYE";"HYUNDAI MOTOR TURKIYE OTOMOTIV AS";;"E5*2007/46*0121*06";"BC3";"B5P51";"M62CZ1";"HYUNDAI";"I20";"M1";"M1";"1140";"1237";;"119";;;;"petrol";"M";"998";"74";;"";;;;;"1";"2025";"P";"v31";;;;"2025-11-12";"5,2";"EA";"RL-050009-NLH"
"176356553";"DE";"HYUNDAI MOTOR EUROPE";"IP-050662-NLH";"HYUNDAI TURKIYE";"HYUNDAI MOTOR TURKIYE OTOMOTIV AS";;"E5*2007/46*0121*06";"BC3";"B5P51";"M62CZ1";"HYUNDAI";"I20";"M1";"M1";"1140";"1254";;"119";;;;"petrol";"M";"998";"74";;"";;;;;"1";"2025";"P";"v31";;;;"2025-04-17";"5,2";"EA";"RL-050009-NLH"
"176357300";"DE";"HYUNDAI MOTOR EUROPE";"IP-050662-NLH";"HYUNDAI TURKIYE";"HYUNDAI MOTOR TURKIYE OTOMOTIV AS";;"E5*2007/46*0121*06";"BC3";"B5P51";"M62CZ1";"HYUNDAI";"I20";"M1";"M1";"1140";"1273";;"123";;;;"petrol";"M";"998";"74";;"";;;;;"1";"2025";"P";"v31";;;;"2025-11-25";"5,4";"EA";"RL-050009-NLH"
"176359225";"DE";"HYUNDAI MOTOR EUROPE";"IP-050662-NLH";"HYUNDAI TURKIYE";"HYUNDAI MOTOR TURKIYE OTOMOTIV AS";;"E5*2007/46*0121*06";"BC3";"B5P51";"M62CZ1";"HYUNDAI";"I20";"M1";"M1";"1140";"1258";;"119";;;;"petrol";"M";"998";"74";;"";;;;;"1";"2025";"P";"v31";;;;"2025-07-02";"5,2";"EA";"RL-050009-NLH"
"176360717";"DE";"HYUNDAI MOTOR EUROPE";"IP-050662-NLH";"HYUNDAI TURKIYE";"HYUNDAI MOTOR TURKIYE OTOMOTIV AS";;"E5*2007/46*0121*06";"BC3";"B5P51";"M62CZ1";"HYUNDAI";"I20";"M1";"M1";"1140";"1260";;"119";;;;"petrol";"M";"998";"74";;"";;;;;"1";"2025";"P";"v31";;;;"2025-06-30";"5,3";"EA";"RL-050009-NLH"
"176361915";"DE";"HYUNDAI MOTOR EUROPE";"IP-050662-NLH";"HYUNDAI TURKIYE";"HYUNDAI MOTOR TURKIYE OTOMOTIV AS";;"E5*2007/46*0121*06";"BC3";"B5P51";"M62CZ1";"HYUNDAI";"I20";"M1";"M1";"1140";"1273";;"123";;;;"petrol";"M";"998";"74";;"";;;;;"1";"2025";"P";"v31";;;;"2025-03-05";"5,4";"EA";"RL-050009-NLH"
"176364127";"DE";"HYUNDAI MOTOR EUROPE";"IP-050662-NLH";"HYUNDAI TURKIYE";"HYUNDAI MOTOR TURKIYE OTOMOTIV AS";;"E5*2007/46*0121*06";"BC3";"B5P51";"M62CZ1";"HYUNDAI";"I20";"M1";"M1";"1140";"1258";;"119";;;;"petrol";"M";"998";"74";;"";;;;;"1";"2025";"P";"v31";;;;"2025-10-21";"5,2";"EA";"RL-050009-NLH"
"176365613";"DE";"HYUNDAI MOTOR EUROPE";"IP-050662-NLH";"HYUNDAI TURKIYE";"HYUNDAI MOTOR TURKIYE OTOMOTIV AS";;"E5*2007/46*0121*06";"BC3";"B5P51";"M62CZ1";"HYUNDAI";"I20";"M1";"M1";"1140";"1256";;"119";;;;"petrol";"M";"998";"74";;"";;;;;"1";"2025";"P";"v31";;;;"2025-02-04";"5,2";"EA";"RL-050009-NLH"
"176365735";"DE";"HYUNDAI MOTOR EUROPE";"IP-050662-NLH";"HYUNDAI TURKIYE";"HYUNDAI MOTOR TURKIYE OTOMOTIV AS";;"E5*2007/46*0121*06";"BC3";"B5P51";"M62CZ1";"HYUNDAI";"I20";"M1";"M1";"1140";"1259";;"119";;;;"petrol";"M";"998";"74";;"";;;;;"1";"2025";"P";"v31";;;;"2025-04-10";"5,3";"EA";"RL-050009-NLH"
"176366099";"DE";"HYUNDAI MOTOR EUROPE";"IP-050662-NLH";"HYUNDAI TURKIYE";"HYUNDAI MOTOR TURKIYE OTOMOTIV AS";;"E5*2007/46*0121*06";"BC3";"B5P51";"M62CZ1";"HYUNDAI";"I20";"M1";"M1";"1140";"1254";;"119";;;;"petrol";"M";"998";"74";;"";;;;;"1";"2025";"P";"v31";;;;"2025-06-03";"5,2";"EA";"RL-050009-NLH"
"176368713";"DE";"HYUNDAI MOTOR EUROPE";"IP-050662-NLH";"HYUNDAI TURKIYE";"HYUNDAI MOTOR TURKIYE OTOMOTIV AS";;"E5*2007/46*0121*06";"BC3";"B5P51";"M62CZ1";"HYUNDAI";"I20";"M1";"M1";"1140";"1254";;"119";;;;"petrol";"M";"998";"74";;"";;;;;"1";"2025";"P";"v31";;;;"2025-05-09";"5,2";"EA";"RL-050009-NLH"
"176371501";"DE";"HYUNDAI MOTOR EUROPE";"IP-050662-NLH";"HYUNDAI TURKIYE";"HYUNDAI MOTOR TURKIYE OTOMOTIV AS";;"E5*2007/46*0121*06";"BC3";"B5P51";"M62CZ1";"HYUNDAI";"I20";"M1";"M1";"1140";"1259";;"119";;;;"petrol";"M";"998";"74";;"";;;;;"1";"2025";"P";"v31";;;;"2025-09-18";"5,3";"EA";"RL-050009-NLH"
"176375548";"DE";"HYUNDAI MOTOR EUROPE";"IP-050662-NLH";"HYUNDAI TURKIYE";"HYUNDAI MOTOR TURKIYE OTOMOTIV AS";;"E5*2007/46*0121*06";"BC3";"B5P51";"M62CZ1";"HYUNDAI";"I20";"M1";"M1";"1140";"1259";;"119";;;;"petrol";"M";"998";"74";;"";;;;;"1";"2025";"P";"v31";;;;"2025-05-27";"5,3";"EA";"RL-050009-NLH"
"176377137";"DE";"HYUNDAI MOTOR EUROPE";"IP-050662-NLH";"HYUNDAI TURKIYE";"HYUNDAI MOTOR TURKIYE OTOMOTIV AS";;"E5*2007/46*0121*06";"BC3";"B5P51";"M62CZ1";"HYUNDAI";"I20";"M1";"M1";"1140";"1237";;"119";;;;"petrol";"M";"998";"74";;"";;;;;"1";"2025";"P";"v31";;;;"2025-07-02";"5,2";"EA";"RL-050009-NLH"
"176379422";"DE";"HYUNDAI MOTOR EUROPE";"IP-050662-NLH";"HYUNDAI TURKIYE";"HYUNDAI MOTOR TURKIYE OTOMOTIV AS";;"E5*2007/46*0121*06";"BC3";"B5P51";"M62CZ1";"HYUNDAI";"I20";"M1";"M1";"1140";"1237";;"119";;;;"petrol";"M";"998";"74";;"";;;;;"1";"2025";"P";"v31";;;;"2025-04-23";"5,2";"EA";"RL-050009-NLH"
"176380658";"DE";"HYUNDAI MOTOR EUROPE";"IP-050663-NLH";"HYUNDAI TURKIYE";"HYUNDAI MOTOR TURKIYE OTOMOTIV AS";;"E5*2007/46*0121*06";"BC3";"B5P51";"D71CW1";"HYUNDAI";"I20";"M1";"M1";"1165";"1298";;"126";;;;"petrol";"M";"998";"74";;"";;;;;"1";"2025";"P";"v31";;;;"2025-06-25";"5,5";"EA";"RL-050010-NLH"
"176382275";"DE";"HYUNDAI MOTOR EUROPE";"IP-050663-NLH";"HYUNDAI TURKIYE";"HYUNDAI MOTOR TURKIYE OTOMOTIV AS";;"E5*2007/46*0121*06";"BC3";"B5P51";"D71CW1";"HYUNDAI";"I20";"M1";"M1";"1165";"1301";;"126";;;;"petrol";"M";"998";"74";;"";;;;;"1";"2025";"P";"v31";;;;"2025-09-25";"5,5";"EA";"RL-050010-NLH"
"176383979";"DE";"HYUNDAI MOTOR EUROPE";"IP-050663-NLH";"HYUNDAI TURKIYE";"HYUNDAI MOTOR TURKIYE OTOMOTIV AS";;"E5*2007/46*0121*06";"BC3";"B5P51";"D71CW1";"HYUNDAI";"I20";"M1";"M1";"1165";"1301";;"126";;;;"petrol";"M";"998";"74";;"";;;;;"1";"2025";"P";"v31";;;;"2025-02-06";"5,5";"EA";"RL-050010-NLH"
"176385444";"DE";"HYUNDAI MOTOR EUROPE";"IP-050662-NLH";"HYUNDAI TURKIYE";"HYUNDAI MOTOR TURKIYE OTOMOTIV AS";;"E5*2007/46*0121*06";"BC3";"B5P51";"M62CZ1";"HYUNDAI";"I20";"M1";"M1";"1140";"1274";;"120";;;;"petrol";"M";"998";"74";;"";;;;;"1";"2025";"P";"v31";;;;"2025-12-19";"5,3";"EA";"RL-050009-NLH"
"176385497";"DE";"HYUNDAI MOTOR EUROPE";"IP-050663-NLH";"HYUNDAI TURKIYE";"HYUNDAI MOTOR TURKIYE OTOMOTIV AS";;"E5*2007/46*0121*06";"BC3";"B5P51";"D71CW1";"HYUNDAI";"I20";"M1";"M1";"1165";"1298";;"126";;;;"petrol";"M";"998";"74";;"";;;;;"1";"2025";"P";"v31";;;;"2025-04-14";"5,5";"EA";"RL-050010-NLH"
"176388443";"DE";"HYUNDAI MOTOR EUROPE";"IP-050662-NLH";"HYUNDAI TURKIYE";"HYUNDAI MOTOR TURKIYE OTOMOTIV AS";;"E5*2007/46*0121*06";"BC3";"B5P51";"M62CZ1";"HYUNDAI";"I20";"M1";"M1";"1140";"1257";;"119";;;;"petrol";"M";"998";"74";;"";;;;;"1";"2025";"P";"v31";;;;"2025-08-27";"5,2";"EA";"RL-050009-NLH"
"176389872";"DE";"HYUNDAI MOTOR EUROPE";"IP-050662-NLH";"HYUNDAI TURKIYE";"HYUNDAI MOTOR TURKIYE OTOMOTIV AS";;"E5*2007/46*0121*06";"BC3";"B5P51";"M62CZ1";"HYUNDAI";"I20";"M1";"M1";"1140";"1254";;"119";;;;"petrol";"M";"998";"74";;"";;;;;"1";"2025";"P";"v31";;;;"2025-07-08";"5,2";"EA";"RL-050009-NLH"
"176390670";"DE";"HYUNDAI MOTOR EUROPE";"IP-050662-NLH";"HYUNDAI TURKIYE";"HYUNDAI MOTOR TURKIYE OTOMOTIV AS";;"E5*2007/46*0121*06";"BC3";"B5P51";"M62CZ1";"HYUNDAI";"I20";"M1";"M1";"1140";"1237";;"119";;;;"petrol";"M";"998";"74";;"";;;;;"1";"2025";"P";"v31";;;;"2025-05-26";"5,2";"EA";"RL-050009-NLH"
"176392695";"DE";"HYUNDAI MOTOR EUROPE";"IP-050662-NLH";"HYUNDAI TURKIYE";"HYUNDAI MOTOR TURKIYE OTOMOTIV AS";;"E5*2007/46*0121*06";"BC3";"B5P51";"M62CZ1";"HYUNDAI";"I20";"M1";"M1";"1140";"1259";;"119";;;;"petrol";"M";"998";"74";;"";;;;;"1";"2025";"P";"v31";;;;"2025-05-09";"5,3";"EA";"RL-050009-NLH"
"176393745";"DE";"HYUNDAI MOTOR EUROPE";"IP-050662-NLH";"HYUNDAI TURKIYE";"HYUNDAI MOTOR TURKIYE OTOMOTIV AS";;"E5*2007/46*0121*06";"BC3";"B5P51";"M62CZ1";"HYUNDAI";"I20";"M1";"M1";"1140";"1273";;"123";;;;"petrol";"M";"998";"74";;"";;;;;"1";"2025";"P";"v31";;;;"2025-09-05";"5,4";"EA";"RL-050009-NLH"
"176395110";"DE";"HYUNDAI MOTOR EUROPE";"IP-050662-NLH";"HYUNDAI TURKIYE";"HYUNDAI MOTOR TURKIYE OTOMOTIV AS";;"E5*2007/46*0121*06";"BC3";"B5P51";"M62CZ1";"HYUNDAI";"I20";"M1";"M1";"1140";"1259";;"119";;;;"petrol";"M";"998";"74";;"";;;;;"1";"2025";"P";"v31";;;;"2025-02-05";"5,3";"EA";"RL-050009-NLH"
"176398503";"DE";"HYUNDAI MOTOR EUROPE";"IP-050662-NLH";"HYUNDAI TURKIYE";"HYUNDAI MOTOR TURKIYE OTOMOTIV AS";;"E5*2007/46*0121*06";"BC3";"B5P51";"M62CW1";"HYUNDAI";"I20";"M1";"M1";"1140";"1275";;"123";;;;"petrol";"M";"998";"74";;"";;;;;"1";"2025";"P";"v31";;;;"2025-07-22";"5,4";"EA";"RL-050009-NLH"
"176401755";"DE";"HYUNDAI MOTOR EUROPE";"IP-050662-NLH";"HYUNDAI TURKIYE";"HYUNDAI MOTOR TURKIYE OTOMOTIV AS";;"E5*2007/46*0121*06";"BC3";"B5P51";"M62CZ1";"HYUNDAI";"I20";"M1";"M1";"1140";"1255";;"119";;;;"petrol";"M";"998";"74";;"";;;;;"1";"2025";"P";"v31";;;;"2025-03-25";"5,2";"EA";"RL-050009-NLH"
"176404814";"DE";"HYUNDAI MOTOR EUROPE";"IP-050662-NLH";"HYUNDAI TURKIYE";"HYUNDAI MOTOR TURKIYE OTOMOTIV AS";;"E5*2007/46*0121*06";"BC3";"B5P51";"M62CZ1";"HYUNDAI";"I20";"M1";"M1";"1140";"1273";;"123";;;;"petrol";"M";"998";"74";;"";;;;;"1";"2025";"P";"v31";;;;"2025-03-28";"5,4";"EA";"RL-050009-NLH"
"176405893";"DE";"HYUNDAI MOTOR EUROPE";"IP-050662-NLH";"HYUNDAI TURKIYE";"HYUNDAI MOTOR TURKIYE OTOMOTIV AS";;"E5*2007/46*0121*06";"BC3";"B5P51";"M62CZ1";"HYUNDAI";"I20";"M1";"M1";"1140";"1258";;"119";;;;"petrol";"M";"998";"74";;"";;;;;"1";"2025";"P";"v31";;;;"2025-03-04";"5,2";"EA";"RL-050009-NLH"
"176408275";"DE";"HYUNDAI MOTOR EUROPE";"IP-050662-NLH";"HYUNDAI TURKIYE";"HYUNDAI MOTOR TURKIYE OTOMOTIV AS";;"E5*2007/46*0121*06";"BC3";"B5P51";"M62CZ1";"HYUNDAI";"I20";"M1";"M1";"1140";"1254";;"119";;;;"petrol";"M";"998";"74";;"";;;;;"1";"2025";"P";"v31";;;;"2025-09-04";"5,2";"EA";"RL-050009-NLH"
"176409709";"DE";"HYUNDAI MOTOR EUROPE";"IP-050662-NLH";"HYUNDAI TURKIYE";"HYUNDAI MOTOR TURKIYE OTOMOTIV AS";;"E5*2007/46*0121*06";"BC3";"B5P51";"M62CZ1";"HYUNDAI";"I20";"M1";"M1";"1140";"1254";;"119";;;;"petrol";"M";"998";"74";;"";;;;;"1";"2025";"P";"v31";;;;"2025-08-28";"5,2";"EA";"RL-050009-NLH"
"176411344";"DE";"HYUNDAI MOTOR EUROPE";"IP-050662-NLH";"HYUNDAI TURKIYE";"HYUNDAI MOTOR TURKIYE OTOMOTIV AS";;"E5*2007/46*0121*06";"BC3";"B5P51";"M62CZ1";"HYUNDAI";"I20";"M1";"M1";"1140";"1259";;"119";;;;"petrol";"M";"998";"74";;"";;;;;"1";"2025";"P";"v31";;;;"2025-04-08";"5,3";"EA";"RL-050009-NLH"
"176411346";"DE";"HYUNDAI MOTOR EUROPE";"IP-050662-NLH";"HYUNDAI TURKIYE";"HYUNDAI MOTOR TURKIYE OTOMOTIV AS";;"E5*2007/46*0121*06";"BC3";"B5P51";"M62CZ1";"HYUNDAI";"I20";"M1";"M1";"1140";"1254";;"119";;;;"petrol";"M";"998";"74";;"";;;;;"1";"2025";"P";"v31";;;;"2025-12-11";"5,2";"EA";"RL-050009-NLH"
"176413464";"DE";"HYUNDAI MOTOR EUROPE";"IP-050662-NLH";"HYUNDAI TURKIYE";"HYUNDAI MOTOR TURKIYE OTOMOTIV AS";;"E5*2007/46*0121*06";"BC3";"B5P51";"M62CZ1";"HYUNDAI";"I20";"M1";"M1";"1140";"1254";;"119";;;;"petrol";"M";"998";"74";;"";;;;;"1";"2025";"P";"v31";;;;"2025-05-06";"5,2";"EA";"RL-050009-NLH"
"176419195";"DE";"HYUNDAI MOTOR EUROPE";"IP-050662-NLH";"HYUNDAI TURKIYE";"HYUNDAI MOTOR TURKIYE OTOMOTIV AS";;"E5*2007/46*0121*06";"BC3";"B5P51";"M62CW1";"HYUNDAI";"I20";"M1";"M1";"1140";"1272";;"123";;;;"petrol";"M";"998";"74";;"";;;;;"1";"2025";"P";"v31";;;;"2025-12-02";"5,4";"EA";"RL-050009-NLH"
"176422411";"DE";"HYUNDAI MOTOR EUROPE";"IP-050662-NLH";"HYUNDAI TURKIYE";"HYUNDAI MOTOR TURKIYE OTOMOTIV AS";;"E5*2007/46*0121*06";"BC3";"B5P51";"M62CW1";"HYUNDAI";"I20";"M1";"M1";"1140";"1272";;"123";;;;"petrol";"M";"998";"74";;"";;;;;"1";"2025";"P";"v31";;;;"2025-02-28";"5,4";"EA";"RL-050009-NLH"
"176430876";"DE";"HYUNDAI MOTOR EUROPE";"IP-050662-NLH";"HYUNDAI TURKIYE";"HYUNDAI MOTOR TURKIYE OTOMOTIV AS";;"E5*2007/46*0121*06";"BC3";"B5P51";"M62CZ1";"HYUNDAI";"I20";"M1";"M1";"1140";"1256";;"119";;;;"petrol";"M";"998";"74";;"";;;;;"1";"2025";"P";"v31";;;;"2025-03-06";"5,2";"EA";"RL-050009-NLH"
"176431875";"DE";"HYUNDAI MOTOR EUROPE";"IP-050662-NLH";"HYUNDAI TURKIYE";"HYUNDAI MOTOR TURKIYE OTOMOTIV AS";;"E5*2007/46*0121*06";"BC3";"B5P51";"M62CZ1";"HYUNDAI";"I20";"M1";"M1";"1140";"1273";;"123";;;;"petrol";"M";"998";"74";;"";;;;;"1";"2025";"P";"v31";;;;"2025-07-21";"5,4";"EA";"RL-050009-NLH"
"176438638";"DE";"HYUNDAI MOTOR EUROPE";"IP-050662-NLH";"HYUNDAI TURKIYE";"HYUNDAI MOTOR TURKIYE OTOMOTIV AS";;"E5*2007/46*0121*06";"BC3";"B5P51";"M62CZ1";"HYUNDAI";"I20";"M1";"M1";"1140";"1274";;"120";;;;"petrol";"M";"998";"74";;"";;;;;"1";"2025";"P";"v31";;;;"2025-12-02";"5,3";"EA";"RL-050009-NLH"
"176439790";"DE";"HYUNDAI MOTOR EUROPE";"IP-050663-NLH";"HYUNDAI TURKIYE";"HYUNDAI MOTOR TURKIYE OTOMOTIV AS";;"E5*2007/46*0121*06";"BC3";"B5P51";"D71CW1";"HYUNDAI";"I20";"M1";"M1";"1165";"1298";;"126";;;;"petrol";"M";"998";"74";;"";;;;;"1";"2025";"P";"v31";;;;"2025-10-07";"5,5";"EA";"RL-050010-NLH"
"176442164";"DE";"HYUNDAI MOTOR EUROPE";"IP-050663-NLH";"HYUNDAI TURKIYE";"HYUNDAI MOTOR TURKIYE OTOMOTIV AS";;"E5*2007/46*0121*06";"BC3";"B5P51";"D71CW1";"HYUNDAI";"I20";"M1";"M1";"1165";"1300";;"126";;;;"petrol";"M";"998";"74";;"";;;;;"1";"2025";"P";"v31";;;;"2025-05-07";"5,5";"EA";"RL-050010-NLH"
"176445779";"DE";"HYUNDAI MOTOR EUROPE";"IP-050662-NLH";"HYUNDAI TURKIYE";"HYUNDAI MOTOR TURKIYE OTOMOTIV AS";;"E5*2007/46*0121*06";"BC3";"B5P51";"M62CZ1";"HYUNDAI";"I20";"M1";"M1";"1140";"1259";;"119";;;;"petrol";"M";"998";"74";;"";;;;;"1";"2025";"P";"v31";;;;"2025-04-02";"5,3";"EA";"RL-050009-NLH"
"176447076";"DE";"HYUNDAI MOTOR EUROPE";"IP-050662-NLH";"HYUNDAI TURKIYE";"HYUNDAI MOTOR TURKIYE OTOMOTIV AS";;"E5*2007/46*0121*06";"BC3";"B5P51";"M62CW1";"HYUNDAI";"I20";"M1";"M1";"1140";"1272";;"123";;;;"petrol";"M";"998";"74";;"";;;;;"1";"2025";"P";"v31";;;;"2025-08-27";"5,4";"EA";"RL-050009-NLH"
"176447200";"DE";"HYUNDAI MOTOR EUROPE";"IP-050662-NLH";"HYUNDAI TURKIYE";"HYUNDAI MOTOR TURKIYE OTOMOTIV AS";;"E5*2007/46*0121*06";"BC3";"B5P51";"M62CZ1";"HYUNDAI";"I20";"M1";"M1";"1140";"1254";;"119";;;;"petrol";"M";"998";"74";;"";;;;;"1";"2025";"P";"v31";;;;"2025-03-07";"5,2";"EA";"RL-050009-NLH"
"176455765";"DE";"HYUNDAI MOTOR EUROPE";"IP-050662-NLH";"HYUNDAI TURKIYE";"HYUNDAI MOTOR TURKIYE OTOMOTIV AS";;"E5*2007/46*0121*06";"BC3";"B5P51";"M62CZ1";"HYUNDAI";"I20";"M1";"M1";"1140";"1256";;"119";;;;"petrol";"M";"998";"74";;"";;;;;"1";"2025";"P";"v31";;;;"2025-04-14";"5,2";"EA";"RL-050009-NLH"
"176457467";"DE";"HYUNDAI MOTOR EUROPE";"IP-050663-NLH";"HYUNDAI TURKIYE";"HYUNDAI MOTOR TURKIYE OTOMOTIV AS";;"E5*2007/46*0121*06";"BC3";"B5P51";"D71CW1";"HYUNDAI";"I20";"M1";"M1";"1165";"1320";;"126";;;;"petrol";"M";"998";"74";;"";;;;;"1";"2025";"P";"v31";;;;"2025-11-10";"5,6";"EA";"RL-050010-NLH"
"176459921";"DE";"HYUNDAI MOTOR EUROPE";"IP-050662-NLH";"HYUNDAI TURKIYE";"HYUNDAI MOTOR TURKIYE OTOMOTIV AS";;"E5*2007/46*0121*06";"BC3";"B5P51";"M62CZ1";"HYUNDAI";"I20";"M1";"M1";"1140";"1259";;"119";;;;"petrol";"M";"998";"74";;"";;;;;"1";"2025";"P";"v31";;;;"2025-03-26";"5,3";"EA";"RL-050009-NLH"
"176460007";"DE";"HYUNDAI MOTOR EUROPE";"IP-050663-NLH";"HYUNDAI TURKIYE";"HYUNDAI MOTOR TURKIYE OTOMOTIV AS";;"E5*2007/46*0121*06";"BC3";"B5P51";"D71CW1";"HYUNDAI";"I20";"M1";"M1";"1165";"1301";;"126";;;;"petrol";"M";"998";"74";;"";;;;;"1";"2025";"P";"v31";;;;"2025-02-06";"5,5";"EA";"RL-050010-NLH"
"176461503";"DE";"HYUNDAI MOTOR EUROPE";"IP-050662-NLH";"HYUNDAI TURKIYE";"HYUNDAI MOTOR TURKIYE OTOMOTIV AS";;"E5*2007/46*0121*06";"BC3";"B5P51";"M62CZ1";"HYUNDAI";"I20";"M1";"M1";"1140";"1237";;"119";;;;"petrol";"M";"998";"74";;"";;;;;"1";"2025";"P";"v31";;;;"2025-06-02";"5,2";"EA";"RL-050009-NLH"
"176463080";"DE";"HYUNDAI MOTOR EUROPE";"IP-050662-NLH";"HYUNDAI TURKIYE";"HYUNDAI MOTOR TURKIYE OTOMOTIV AS";;"E5*2007/46*0121*06";"BC3";"B5P51";"M62CZ1";"HYUNDAI";"I20";"M1";"M1";"1140";"1254";;"119";;;;"petrol";"M";"998";"74";;"";;;;;"1";"2025";"P";"v31";;;;"2025-10-01";"5,2";"EA";"RL-050009-NLH"
"176474212";"DE";"HYUNDAI MOTOR EUROPE";"IP-050662-NLH";"HYUNDAI TURKIYE";"HYUNDAI MOTOR TURKIYE OTOMOTIV AS";;"E5*2007/46*0121*06";"BC3";"B5P51";"M62CZ1";"HYUNDAI";"I20";"M1";"M1";"1140";"1274";;"120";;;;"petrol";"M";"998";"74";;"";;;;;"1";"2025";"P";"v31";;;;"2025-10-01";"5,3";"EA";"RL-050009-NLH"
"176479130";"DE";"HYUNDAI MOTOR EUROPE";"IP-050662-NLH";"HYUNDAI TURKIYE";"HYUNDAI MOTOR TURKIYE OTOMOTIV AS";;"E5*2007/46*0121*06";"BC3";"B5P51";"M62CZ1";"HYUNDAI";"I20";"M1";"M1";"1140";"1258";;"119";;;;"petrol";"M";"998";"74";;"";;;;;"1";"2025";"P";"v31";;;;"2025-03-31";"5,2";"EA";"RL-050009-NLH"
"176480992";"DE";"HYUNDAI MOTOR EUROPE";"IP-050662-NLH";"HYUNDAI TURKIYE";"HYUNDAI MOTOR TURKIYE OTOMOTIV AS";;"E5*2007/46*0121*06";"BC3";"B5P51";"M62CZ1";"HYUNDAI";"I20";"M1";"M1";"1140";"1273";;"123";;;;"petrol";"M";"998";"74";;"";;;;;"1";"2025";"P";"v31";;;;"2025-09-16";"5,4";"EA";"RL-050009-NLH"
"176481619";"DE";"HYUNDAI MOTOR EUROPE";"IP-050662-NLH";"HYUNDAI TURKIYE";"HYUNDAI MOTOR TURKIYE OTOMOTIV AS";;"E5*2007/46*0121*06";"BC3";"B5P51";"M62CZ1";"HYUNDAI";"I20";"M1";"M1";"1140";"1237";;"119";;;;"petrol";"M";"998";"74";;"";;;;;"1";"2025";"P";"v31";;;;"2025-08-19";"5,2";"EA";"RL-050009-NLH"
"176483673";"DE";"HYUNDAI MOTOR EUROPE";"IP-050662-NLH";"HYUNDAI TURKIYE";"HYUNDAI MOTOR TURKIYE OTOMOTIV AS";;"E5*2007/46*0121*06";"BC3";"B5P51";"M62CZ1";"HYUNDAI";"I20";"M1";"M1";"1140";"1256";;"119";;;;"petrol";"M";"998";"74";;"";;;;;"1";"2025";"P";"v31";;;;"2025-12-01";"5,2";"EA";"RL-050009-NLH"
"176484104";"DE";"HYUNDAI MOTOR EUROPE";"IP-050662-NLH";"HYUNDAI TURKIYE";"HYUNDAI MOTOR TURKIYE OTOMOTIV AS";;"E5*2007/46*0121*06";"BC3";"B5P51";"M62CZ1";"HYUNDAI";"I20";"M1";"M1";"1140";"1254";;"119";;;;"petrol";"M";"998";"74";;"";;;;;"1";"2025";"P";"v31";;;;"2025-07-07";"5,2";"EA";"RL-050009-NLH"
"176488368";"DE";"HYUNDAI MOTOR EUROPE";"IP-050662-NLH";"HYUNDAI TURKIYE";"HYUNDAI MOTOR TURKIYE OTOMOTIV AS";;"E5*2007/46*0121*06";"BC3";"B5P51";"M62CZ1";"HYUNDAI";"I20";"M1";"M1";"1140";"1254";;"119";;;;"petrol";"M";"998";"74";;"";;;;;"1";"2025";"P";"v31";;;;"2025-03-05";"5,2";"EA";"RL-050009-NLH"
"176491003";"DE";"HYUNDAI MOTOR EUROPE";"IP-050662-NLH";"HYUNDAI TURKIYE";"HYUNDAI MOTOR TURKIYE OTOMOTIV AS";;"E5*2007/46*0121*06";"BC3";"B5P51";"M62CZ1";"HYUNDAI";"I20";"M1";"M1";"1140";"1258";;"119";;;;"petrol";"M";"998";"74";;"";;;;;"1";"2025";"P";"v31";;;;"2025-01-30";"5,2";"EA";"RL-050009-NLH"
"176493363";"DE";"HYUNDAI MOTOR EUROPE";"IP-050663-NLH";"HYUNDAI TURKIYE";"HYUNDAI MOTOR TURKIYE OTOMOTIV AS";;"E5*2007/46*0121*06";"BC3";"B5P51";"D71CW1";"HYUNDAI";"I20";"M1";"M1";"1165";"1298";;"126";;;;"petrol";"M";"998";"74";;"";;;;;"1";"2025";"P";"v31";;;;"2025-02-18";"5,5";"EA";"RL-050010-NLH"
"176494710";"DE";"HYUNDAI MOTOR EUROPE";"IP-050663-NLH";"HYUNDAI TURKIYE";"HYUNDAI MOTOR TURKIYE OTOMOTIV AS";;"E5*2007/46*0121*06";"BC3";"B5P51";"D71CW1";"HYUNDAI";"I20";"M1";"M1";"1165";"1298";;"126";;;;"petrol";"M";"998";"74";;"";;;;;"1";"2025";"P";"v31";;;;"2025-09-04";"5,5";"EA";"RL-050010-NLH"
"176502660";"DE";"HYUNDAI MOTOR EUROPE";"IP-050662-NLH";"HYUNDAI TURKIYE";"HYUNDAI MOTOR TURKIYE OTOMOTIV AS";;"E5*2007/46*0121*06";"BC3";"B5P51";"M62CW1";"HYUNDAI";"I20";"M1";"M1";"1140";"1272";;"123";;;;"petrol";"M";"998";"74";;"";;;;;"1";"2025";"P";"v31";;;;"2025-07-15";"5,4";"EA";"RL-050009-NLH"
"176502883";"DE";"HYUNDAI MOTOR EUROPE";"IP-050662-NLH";"HYUNDAI TURKIYE";"HYUNDAI MOTOR TURKIYE OTOMOTIV AS";;"E5*2007/46*0121*06";"BC3";"B5P51";"M62CZ1";"HYUNDAI";"I20";"M1";"M1";"1140";"1237";;"119";;;;"petrol";"M";"998";"74";;"";;;;;"1";"2025";"P";"v31";;;;"2025-09-30";"5,2";"EA";"RL-050009-NLH"
"176508022";"DE";"HYUNDAI MOTOR EUROPE";"IP-050662-NLH";"HYUNDAI TURKIYE";"HYUNDAI MOTOR TURKIYE OTOMOTIV AS";;"E5*2007/46*0121*06";"BC3";"B5P51";"M62CZ1";"HYUNDAI";"I20";"M1";"M1";"1140";"1237";;"119";;;;"petrol";"M";"998";"74";;"";;;;;"1";"2025";"P";"v31";;;;"2025-03-04";"5,2";"EA";"RL-050009-NLH"
"176508023";"DE";"HYUNDAI MOTOR EUROPE";"IP-050663-NLH";"HYUNDAI TURKIYE";"HYUNDAI MOTOR TURKIYE OTOMOTIV AS";;"E5*2007/46*0121*06";"BC3";"B5P51";"D71CW1";"HYUNDAI";"I20";"M1";"M1";"1165";"1301";;"126";;;;"petrol";"M";"998";"74";;"";;;;;"1";"2025";"P";"v31";;;;"2025-04-08";"5,5";"EA";"RL-050010-NLH"
"176509749";"DE";"HYUNDAI MOTOR EUROPE";"IP-050662-NLH";"HYUNDAI TURKIYE";"HYUNDAI MOTOR TURKIYE OTOMOTIV AS";;"E5*2007/46*0121*06";"BC3";"B5P51";"M62CZ1";"HYUNDAI";"I20";"M1";"M1";"1140";"1273";;"123";;;;"petrol";"M";"998";"74";;"";;;;;"1";"2025";"P";"v31";;;;"2025-10-10";"5,4";"EA";"RL-050009-NLH"
"176509907";"DE";"HYUNDAI MOTOR EUROPE";"IP-050662-NLH";"HYUNDAI TURKIYE";"HYUNDAI MOTOR TURKIYE OTOMOTIV AS";;"E5*2007/46*0121*06";"BC3";"B5P51";"M62CZ1";"HYUNDAI";"I20";"M1";"M1";"1140";"1273";;"123";;;;"petrol";"M";"998";"74";;"";;;;;"1";"2025";"P";"v31";;;;"2025-10-02";"5,4";"EA";"RL-050009-NLH"
"176511437";"DE";"HYUNDAI MOTOR EUROPE";"IP-050662-NLH";"HYUNDAI TURKIYE";"HYUNDAI MOTOR TURKIYE OTOMOTIV AS";;"E5*2007/46*0121*06";"BC3";"B5P51";"M62CZ1";"HYUNDAI";"I20";"M1";"M1";"1140";"1254";;"119";;;;"petrol";"M";"998";"74";;"";;;;;"1";"2025";"P";"v31";;;;"2025-06-24";"5,2";"EA";"RL-050009-NLH"
"176512774";"DE";"HYUNDAI MOTOR EUROPE";"IP-050662-NLH";"HYUNDAI TURKIYE";"HYUNDAI MOTOR TURKIYE OTOMOTIV AS";;"E5*2007/46*0121*06";"BC3";"B5P51";"M62CZ1";"HYUNDAI";"I20";"M1";"M1";"1140";"1237";;"119";;;;"petrol";"M";"998";"74";;"";;;;;"1";"2025";"P";"v31";;;;"2025-10-01";"5,2";"EA";"RL-050009-NLH"
"176512913";"DE";"HYUNDAI MOTOR EUROPE";"IP-050663-NLH";"HYUNDAI TURKIYE";"HYUNDAI MOTOR TURKIYE OTOMOTIV AS";;"E5*2007/46*0121*06";"BC3";"B5P51";"D71CW1";"HYUNDAI";"I20";"M1";"M1";"1165";"1300";;"126";;;;"petrol";"M";"998";"74";;"";;;;;"1";"2025";"P";"v31";;;;"2025-01-13";"5,5";"EA";"RL-050010-NLH"
"176514993";"DE";"HYUNDAI MOTOR EUROPE";"IP-050662-NLH";"HYUNDAI TURKIYE";"HYUNDAI MOTOR TURKIYE OTOMOTIV AS";;"E5*2007/46*0121*06";"BC3";"B5P51";"M62CZ1";"HYUNDAI";"I20";"M1";"M1";"1140";"1257";;"119";;;;"petrol";"M";"998";"74";;"";;;;;"1";"2025";"P";"v31";;;;"2025-12-09";"5,2";"EA";"RL-050009-NLH"
"176519077";"DE";"HYUNDAI MOTOR EUROPE";"IP-050662-NLH";"HYUNDAI TURKIYE";"HYUNDAI MOTOR TURKIYE OTOMOTIV AS";;"E5*2007/46*0121*06";"BC3";"B5P51";"M62CZ1";"HYUNDAI";"I20";"M1";"M1";"1140";"1260";;"119";;;;"petrol";"M";"998";"74";;"";;;;;"1";"2025";"P";"v31";;;;"2025-03-14";"5,3";"EA";"RL-050009-NLH"
"176521036";"DE";"HYUNDAI MOTOR EUROPE";"IP-050662-NLH";"HYUNDAI TURKIYE";"HYUNDAI MOTOR TURKIYE OTOMOTIV AS";;"E5*2007/46*0121*06";"BC3";"B5P51";"M62CW1";"HYUNDAI";"I20";"M1";"M1";"1140";"1272";;"123";;;;"petrol";"M";"998";"74";;"";;;;;"1";"2025";"P";"v31";;;;"2025-11-10";"5,4";"EA";"RL-050009-NLH"
"176524257";"DE";"HYUNDAI MOTOR EUROPE";"IP-050662-NLH";"HYUNDAI TURKIYE";"HYUNDAI MOTOR TURKIYE OTOMOTIV AS";;"E5*2007/46*0121*06";"BC3";"B5P51";"M62CW1";"HYUNDAI";"I20";"M1";"M1";"1140";"1275";;"123";;;;"petrol";"M";"998";"74";;"";;;;;"1";"2025";"P";"v31";;;;"2025-04-30";"5,4";"EA";"RL-050009-NLH"
"176540477";"DE";"HYUNDAI MOTOR EUROPE";"IP-050662-NLH";"HYUNDAI TURKIYE";"HYUNDAI MOTOR TURKIYE OTOMOTIV AS";;"E5*2007/46*0121*06";"BC3";"B5P51";"M62CZ1";"HYUNDAI";"I20";"M1";"M1";"1140";"1254";;"119";;;;"petrol";"M";"998";"74";;"";;;;;"1";"2025";"P";"v31";;;;"2025-02-03";"5,2";"EA";"RL-050009-NLH"
"176545927";"DE";"HYUNDAI MOTOR EUROPE";"IP-050662-NLH";"HYUNDAI TURKIYE";"HYUNDAI MOTOR TURKIYE OTOMOTIV AS";;"E5*2007/46*0121*06";"BC3";"B5P51";"M62CZ1";"HYUNDAI";"I20";"M1";"M1";"1140";"1254";;"119";;;;"petrol";"M";"998";"74";;"";;;;;"1";"2025";"P";"v31";;;;"2025-06-20";"5,2";"EA";"RL-050009-NLH"
"177762340";"DE";"HYUNDAI MOTOR EUROPE";"IP-050662-NLH";"HYUNDAI TURKIYE";"HYUNDAI MOTOR TURKIYE OTOMOTIV AS";;"E5*2007/46*0121*06";"BC3";"B5P51";"M62CZ1";"HYUNDAI";"I20";"M1";"M1";"1140";"1259";;"119";;;;"petrol";"M";"998";"74";;"";;;;;"1";"2025";"P";"v31";;;;"2025-09-01";"5,3";"EA";"RL-050009-NLH"
"177927816";"DE";"HYUNDAI MOTOR EUROPE";"IP-050662-NLH";"HYUNDAI TURKIYE";"HYUNDAI MOTOR TURKIYE OTOMOTIV AS";;"E5*2007/46*0121*06";"BC3";"B5P51";"M62CZ1";"HYUNDAI";"I20";"M1";"M1";"1140";"1274";;"120";;;;"petrol";"M";"998";"74";;"";;;;;"1";"2025";"P";"v31";;;;"2025-09-26";"5,3";"EA";"RL-050009-NLH"
"177928861";"DE";"HYUNDAI MOTOR EUROPE";"IP-050662-NLH";"HYUNDAI TURKIYE";"HYUNDAI MOTOR TURKIYE OTOMOTIV AS";;"E5*2007/46*0121*06";"BC3";"B5P51";"M62CZ1";"HYUNDAI";"I20";"M1";"M1";"1140";"1237";;"119";;;;"petrol";"M";"998";"74";;"";;;;;"1";"2025";"P";"v31";;;;"2025-09-01";"5,2";"EA";"RL-050009-NLH"
"177930061";"DE";"HYUNDAI MOTOR EUROPE";"IP-050662-NLH";"HYUNDAI TURKIYE";"HYUNDAI MOTOR TURKIYE OTOMOTIV AS";;"E5*2007/46*0121*06";"BC3";"B5P51";"M62CZ1";"HYUNDAI";"I20";"M1";"M1";"1140";"1258";;"119";;;;"petrol";"M";"998";"74";;"";;;;;"1";"2025";"P";"v31";;;;"2025-07-25";"5,2";"EA";"RL-050009-NLH"
"177930081";"DE";"HYUNDAI MOTOR EUROPE";"IP-050662-NLH";"HYUNDAI TURKIYE";"HYUNDAI MOTOR TURKIYE OTOMOTIV AS";;"E5*2007/46*0121*06";"BC3";"B5P51";"M62CZ1";"HYUNDAI";"I20";"M1";"M1";"1140";"1254";;"119";;;;"petrol";"M";"998";"74";;"";;;;;"1";"2025";"P";"v31";;;;"2025-11-05";"5,2";"EA";"RL-050009-NLH"
"177930672";"DE";"HYUNDAI MOTOR EUROPE";"IP-050662-NLH";"HYUNDAI TURKIYE";"HYUNDAI MOTOR TURKIYE OTOMOTIV AS";;"E5*2007/46*0121*06";"BC3";"B5P51";"M62CZ1";"HYUNDAI";"I20";"M1";"M1";"1140";"1273";;"123";;;;"petrol";"M";"998";"74";;"";;;;;"1";"2025";"P";"v31";;;;"2025-01-22";"5,4";"EA";"RL-050009-NLH"
"177930697";"DE";"HYUNDAI MOTOR EUROPE";"IP-050662-NLH";"HYUNDAI TURKIYE";"HYUNDAI MOTOR TURKIYE OTOMOTIV AS";;"E5*2007/46*0121*06";"BC3";"B5P51";"M62CZ1";"HYUNDAI";"I20";"M1";"M1";"1140";"1237";;"119";;;;"petrol";"M";"998";"74";;"";;;;;"1";"2025";"P";"v31";;;;"2025-03-27";"5,2";"EA";"RL-050009-NLH"
"177932354";"DE";"HYUNDAI MOTOR EUROPE";"IP-050662-NLH";"HYUNDAI TURKIYE";"HYUNDAI MOTOR TURKIYE OTOMOTIV AS";;"E5*2007/46*0121*06";"BC3";"B5P51";"M62CZ1";"HYUNDAI";"I20";"M1";"M1";"1140";"1237";;"119";;;;"petrol";"M";"998";"74";;"";;;;;"1";"2025";"P";"v31";;;;"2025-12-01";"5,2";"EA";"RL-050009-NLH"
"177933921";"DE";"HYUNDAI MOTOR EUROPE";"IP-050662-NLH";"HYUNDAI TURKIYE";"HYUNDAI MOTOR TURKIYE OTOMOTIV AS";;"E5*2007/46*0121*06";"BC3";"B5P51";"M62CZ1";"HYUNDAI";"I20";"M1";"M1";"1140";"1259";;"119";;;;"petrol";"M";"998";"74";;"";;;;;"1";"2025";"P";"v31";;;;"2025-03-26";"5,3";"EA";"RL-050009-NLH"
"177935302";"DE";"HYUNDAI MOTOR EUROPE";"IP-050662-NLH";"HYUNDAI TURKIYE";"HYUNDAI MOTOR TURKIYE OTOMOTIV AS";;"E5*2007/46*0121*06";"BC3";"B5P51";"M62CZ1";"HYUNDAI";"I20";"M1";"M1";"1140";"1254";;"119";;;;"petrol";"M";"998";"74";;"";;;;;"1";"2025";"P";"v31";;;;"2025-04-03";"5,2";"EA";"RL-050009-NLH"
"177936074";"DE";"HYUNDAI MOTOR EUROPE";"IP-050662-NLH";"HYUNDAI TURKIYE";"HYUNDAI MOTOR TURKIYE OTOMOTIV AS";;"E5*2007/46*0121*06";"BC3";"B5P51";"M62CZ1";"HYUNDAI";"I20";"M1";"M1";"1140";"1259";;"119";;;;"petrol";"M";"998";"74";;"";;;;;"1";"2025";"P";"v31";;;;"2025-04-10";"5,3";"EA";"RL-050009-NLH"
"177938423";"DE";"HYUNDAI MOTOR EUROPE";"IP-050663-NLH";"HYUNDAI TURKIYE";"HYUNDAI MOTOR TURKIYE OTOMOTIV AS";;"E5*2007/46*0121*06";"BC3";"B5P51";"D71CW1";"HYUNDAI";"I20";"M1";"M1";"1165";"1301";;"126";;;;"petrol";"M";"998";"74";;"";;;;;"1";"2025";"P";"v31";;;;"2025-10-30";"5,5";"EA";"RL-050010-NLH"
"177939390";"DE";"HYUNDAI MOTOR EUROPE";"IP-050662-NLH";"HYUNDAI TURKIYE";"HYUNDAI MOTOR TURKIYE OTOMOTIV AS";;"E5*2007/46*0121*06";"BC3";"B5P51";"M62CZ1";"HYUNDAI";"I20";"M1";"M1";"1140";"1259";;"119";;;;"petrol";"M";"998";"74";;"";;;;;"1";"2025";"P";"v31";;;;"2025-04-10";"5,3";"EA";"RL-050009-NLH"
"177943852";"DE";"HYUNDAI MOTOR EUROPE";"IP-050662-NLH";"HYUNDAI TURKIYE";"HYUNDAI MOTOR TURKIYE OTOMOTIV AS";;"E5*2007/46*0121*06";"BC3";"B5P51";"M62CZ1";"HYUNDAI";"I20";"M1";"M1";"1140";"1237";;"119";;;;"petrol";"M";"998";"74";;"";;;;;"1";"2025";"P";"v31";;;;"2025-03-31";"5,2";"EA";"RL-050009-NLH"
